Tm,Season,PA,Yds,Ply,Y/P,TO,FL,1stD,P_Cmp,P_Att,P_Yds,P_TD,P_Int,NPY/A,P_1stD,R_Att,R_Yds,R_TD,RY/A,R_1stD,Pen,Pen_Yds,1stPy,Sc%,TO%,EXP
San Francisco 49ers,2022,16.3,300.6,60.4,5,1.76,0.59,17.1,22.9,34.9,222.9,1.18,1.18,5.9,11.1,22.9,77.7,0.65,3.4,4.53,5.65,48.9,1.53,25.7,15.3,4.01
Buffalo Bills,2022,17.9,319.1,62.3,5.1,1.69,0.63,19.6,22.6,35.6,214.6,1.31,1.06,5.6,11.3,24.2,104.6,0.63,4.3,6.44,5.56,47.1,1.81,31,14.3,0.68
Baltimore Ravens,2022,18.5,324.3,61.6,5.3,1.47,0.65,19,23.2,34.9,232.2,1.18,0.82,6.2,12.1,23.9,92.1,0.65,3.9,5.35,4.65,38.2,1.53,35.8,13.9,-1.86
New York Jets,2022,18.6,311.1,64.3,4.8,0.94,0.24,18.2,20.4,32.7,189.4,0.88,0.71,5.4,9.76,28.9,121.6,0.82,4.2,6.88,5.29,41.6,1.59,32.3,8.3,1.53
Cincinnati Bengals,2022,20.1,335.7,62.3,5.4,1.5,0.69,18.4,20.6,34.9,229.1,1.06,0.81,6.2,10.8,25.4,106.6,0.75,4.2,6.38,6.25,52,1.25,36.4,13.1,-0.59
Dallas Cowboys,2022,20.1,330.2,64.8,5.1,1.94,1,19.2,20.3,32.4,200.9,1.35,0.94,5.7,10.2,29.2,129.3,0.53,4.4,7,5.76,50.1,2,33.5,16.2,2.12
Washington Commanders,2022,20.2,304.6,58.7,5.2,1.06,0.53,16.8,18.1,30.2,191.3,1.53,0.53,5.8,9.12,25.9,113.3,0.59,4.4,6,5,41.6,1.71,31.5,7.6,0.43
Philadelphia Eagles,2022,20.2,301.5,63.1,4.8,1.59,0.59,19.1,20.6,32.7,179.8,1.29,1,4.9,10.9,26.2,121.6,0.88,4.6,6.76,5.59,46.9,1.41,32.4,15.1,0.89
New Orleans Saints,2022,20.3,314.8,63.3,5,0.82,0.41,18.8,18.9,31.5,184.4,1,0.41,5.4,9.35,28.9,130.5,0.82,4.5,7.18,5.41,46.9,2.24,34.8,7.1,-1.8
Pittsburgh Steelers,2022,20.4,330.4,60.2,5.5,1.35,0.18,18.5,19.5,31.9,222.3,1.71,1.18,6.5,11.5,26,108.1,0.41,4.2,5.59,5.65,42.2,1.35,37.3,13,-2.77
New England Patriots,2022,20.4,322,64.2,5,1.76,0.65,18.5,21.4,35.1,216.5,1.65,1.12,5.7,11.4,25.9,105.5,0.41,4.1,5.29,5.24,41.1,1.76,30.5,14.2,3.26
Jacksonville Jaguars,2022,20.6,353.3,65.1,5.4,1.59,0.76,20.6,22.6,35.4,238.5,1.47,0.82,6.4,12.4,27.6,114.8,0.82,4.2,6.71,5.29,40.2,1.47,36.1,14.4,-2.07
Tampa Bay Buccaneers,2022,21.1,324.3,63.1,5.1,1.18,0.59,18.5,21.4,33.5,203.6,1.71,0.59,5.6,10.9,26.9,120.7,0.71,4.5,6.06,5.71,50.8,1.47,33,10.2,-0.67
Denver Broncos,2022,21.1,320,63.5,5,1.35,0.47,19.1,23.1,35.6,210.2,1.18,0.88,5.6,10.6,25.8,109.8,0.71,4.3,6.41,6.24,54.2,2.06,35.9,10.6,0.43
Tennessee Titans,2022,21.1,351.6,64.7,5.4,1.18,0.35,19.9,25.8,39.5,274.8,1.71,0.82,6.6,12.6,22.9,76.9,0.53,3.4,5.47,6.76,49.2,1.82,33.9,10.6,-3.07
Kansas City Chiefs,2022,21.7,328.2,64.3,5.1,1.18,0.53,19.8,24,36.4,220.9,1.94,0.65,5.6,12.2,24.6,107.2,0.59,4.4,6,5.76,43.2,1.65,35.9,10.3,-2.39
Green Bay Packers,2022,21.8,336.5,58.3,5.8,1.41,0.41,18.9,18.5,28.1,197,1.29,1,6.5,9.59,28.2,139.5,1.06,5,7.59,5.88,53.9,1.71,38.2,13.9,-3.76
New York Giants,2022,21.8,358.2,63.4,5.6,1.12,0.76,21.8,20.5,33.4,214,1.24,0.35,6,11.8,27.6,144.2,0.94,5.2,7.88,6.53,48.2,2.12,39.8,8.8,-5.15
Carolina Panthers,2022,22,350.2,64.9,5.4,1,0.41,20.4,22.5,34.1,227.5,1.47,0.59,6.3,11.4,28.7,122.6,1,4.3,7.35,6.18,50.9,1.59,34.2,8.3,-3.06
Cleveland Browns,2022,22.4,331.5,61.2,5.4,1.18,0.53,19.4,18.5,30.5,196.2,1.18,0.65,6,9.76,28.7,135.2,1.29,4.7,7.59,5.18,42,2,38.5,10.2,-3.41
Los Angeles Chargers,2022,22.6,346.1,58.9,5.9,1.41,0.59,18.7,18.2,29.7,200.4,1.41,0.82,6.2,10.3,26.9,145.8,1,5.4,7,4.71,44.8,1.41,37.2,11.2,-4.79
Los Angeles Rams,2022,22.6,341.1,61.7,5.5,1.29,0.35,19.5,22.1,32.7,226,1.35,0.94,6.5,11.9,26.8,115.1,0.71,4.3,6.24,4.82,40.6,1.29,41,12.1,-4.45
Atlanta Falcons,2022,22.7,362.1,63.6,5.7,1,0.41,20.6,21.9,33,231.9,1.53,0.59,6.8,11.8,29.4,130.2,0.88,4.4,8,5.88,47.3,0.88,43.5,10,-7.26
Miami Dolphins,2022,23.5,337.8,63.9,5.3,0.82,0.35,19.8,24.5,36.7,234.8,1.59,0.47,6,11.8,24.8,103,0.88,4.1,5.76,4.94,47,2.24,37.5,7.6,-4.05
Seattle Seahawks,2022,23.6,361.7,65.7,5.5,1.47,0.65,20.4,20.2,32.2,211.5,1.35,0.82,6.1,11.1,30.9,150.2,1.24,4.9,7.65,5.76,48.1,1.71,37.2,12.2,-5.03
Las Vegas Raiders,2022,24.6,365.6,63.4,5.8,0.76,0.41,21.2,23.5,34.7,242.9,1.47,0.35,6.7,12.1,27.1,122.8,1.18,4.5,7.41,5.47,44.6,1.65,40.8,7.3,-7.77
Houston Texans,2022,24.7,379.5,66.7,5.7,1.59,0.65,21.9,19.8,30.7,209.3,0.88,0.94,6.3,11.5,33.7,170.2,1.47,5.1,8.82,5.59,45.5,1.53,35.2,11.9,-4.73
Minnesota Vikings,2022,25.1,388.7,65.8,5.9,1.47,0.59,21.1,24,36.3,265.6,1.35,0.88,6.9,13.2,27.2,123.1,1.06,4.5,6.65,6.53,54.5,1.29,41.1,12,-4.71
Detroit Lions,2022,25.1,392.4,63.3,6.2,1.29,0.59,22.2,20.8,32.9,245.8,1.53,0.71,7,12.3,28.1,146.5,1.29,5.2,7.94,6.06,48.1,1.94,41.2,11.9,-9.39
Indianapolis Colts,2022,25.1,334,64.2,5.2,1.24,0.65,20.2,21.5,31.6,209.9,1.47,0.59,6.1,10.8,30.1,124.1,1.18,4.1,7.47,5.24,42.6,1.94,36,10.2,-3
Arizona Cardinals,2022,26.4,348.9,63.2,5.5,1.18,0.53,21.4,24.4,34.9,230.3,1.71,0.65,6.2,12.8,26.2,118.6,1.24,4.5,7.29,5.53,44.5,1.24,41.6,10.5,-4.81
Chicago Bears,2022,27.2,375.9,61.4,6.1,1.35,0.53,21.2,19,28.3,218.6,1.29,0.82,7.4,10.8,31.9,157.3,1.82,4.9,8.88,4.94,38.4,1.53,41.8,11.9,-9.95
Buffalo Bills,2021,17,272.8,59.6,4.6,1.76,0.65,16.8,17.5,31.2,163,0.71,1.12,4.8,8.12,26,109.8,1.12,4.2,6.35,6,49.6,2.29,28,14.5,2.13
New England Patriots,2021,17.8,310.8,61.1,5.1,1.76,0.41,18.1,18.8,31.6,187.1,1.24,1.35,5.5,10.4,27.3,123.7,0.53,4.5,6.53,5.88,48.9,1.24,29.4,16.9,-0.28
Denver Broncos,2021,18.9,326.1,61.1,5.3,1.12,0.35,18.4,20.1,33.1,214.8,1.29,0.76,6.1,11.3,25.9,111.3,0.53,4.3,5.82,6.12,54.2,1.24,32.7,10.7,-2.13
New Orleans Saints,2021,19.7,318.2,62.6,5.1,1.47,0.41,17.9,21.7,34.8,224.8,1.18,1.06,6,10.9,25.1,93.5,0.71,3.7,4.94,5.24,44.8,2.06,32.3,12.8,2.53
Tampa Bay Buccaneers,2021,20.8,331.5,64.3,5.2,1.71,0.71,20.2,26.2,40,238.9,1.53,1,5.6,12.6,21.5,92.5,0.65,4.3,5.53,4.65,37.4,2.12,33.5,14.7,-0.04
Tennessee Titans,2021,20.8,329.8,61.1,5.4,1.29,0.35,19.5,23.2,36.9,245.2,1.41,0.94,6.2,12,21.6,84.6,0.82,3.9,5.29,6.94,62.9,2.18,37.1,10.8,-1.8
Dallas Cowboys,2021,21.1,351,63.6,5.5,2,0.47,19.2,21.4,36,238.2,1.41,1.53,6.2,11.2,25.2,112.8,0.76,4.5,5.82,7.12,57.2,2.18,32.5,16.7,1.28
Kansas City Chiefs,2021,21.4,368.9,62.4,5.9,1.71,0.82,21.4,23.6,35.9,251.4,1.59,0.88,6.7,12.3,24.6,117.6,0.88,4.8,7.12,6.82,53.6,1.94,37.3,16,-7.75
San Francisco 49ers,2021,21.5,310,60.7,5.1,1.18,0.65,18.7,21.9,32.1,206.5,1.47,0.53,5.9,10.6,25.8,103.5,1,4,5.71,5.53,46.6,2.41,34.4,9.3,-3.1
Indianapolis Colts,2021,21.5,343.2,61.8,5.6,1.94,0.82,19.6,22.9,35.1,234.1,1.88,1.12,6.3,12.5,24.7,109.1,0.59,4.4,5.94,6.41,57.5,1.18,35.4,17.1,-2.9
Arizona Cardinals,2021,21.5,329.2,60.5,5.4,1.59,0.82,19.8,21.6,33,214.4,1.76,0.76,6.1,11.3,25.1,114.8,0.59,4.6,6.41,5.88,52.7,2.06,35.6,15.3,-1.14
Seattle Seahawks,2021,21.5,379.1,70.6,5.4,1.06,0.41,23.5,26.1,38.7,265.5,1.41,0.65,6.5,14.1,29.9,113.6,0.94,3.8,7.29,5.65,54.1,2.12,35.4,8.5,-5.73
Green Bay Packers,2021,21.8,328.2,61,5.4,1.53,0.47,19.8,22.3,35.5,219.1,1.82,1.06,5.8,11.4,23.2,109.1,0.76,4.7,7.06,5.18,42.2,1.35,36.6,14,-3.27
Cleveland Browns,2021,21.8,311.5,62.1,5,1.12,0.35,19.2,21.6,33.9,202.3,1.71,0.76,5.6,10.8,25.7,109.2,0.76,4.2,6.35,5.76,51.9,2.06,37.4,9.9,-3.21
Los Angeles Rams,2021,21.9,344.9,65.8,5.2,1.47,0.35,20.4,24.5,36.8,241.7,1,1.12,6.1,12.6,26.1,103.2,1.06,4,6.53,5.18,40.5,1.29,35.9,13.3,-1
Miami Dolphins,2021,21.9,337.5,63.6,5.3,1.53,0.71,19.8,21.9,35.8,227.7,1.35,0.82,5.9,11.7,25,109.8,0.94,4.4,6.24,6.41,58.3,1.88,36.3,13,-0.95
Cincinnati Bengals,2021,22.1,350.8,63.2,5.5,1.24,0.47,19.9,24.7,36.8,248.4,1.53,0.76,6.3,12.5,23.9,102.5,0.88,4.3,6.29,6.82,55.6,1.12,33.9,11.1,-2.67
Philadelphia Eagles,2021,22.6,328.8,63.3,5.2,0.94,0.24,21.1,24.1,34.6,220.9,1.65,0.71,6.1,12.2,26.9,107.9,1.06,4,6.76,5.41,48.5,2.06,37.2,8.9,-4.35
Baltimore Ravens,2021,23.1,363.4,60.8,6,0.88,0.35,20,23.4,36.5,278.9,1.82,0.53,7.2,13.6,22.2,84.5,0.76,3.8,4.76,5.76,51.9,1.59,34.2,7.9,-6.32
Pittsburgh Steelers,2021,23.4,361.1,65.6,5.5,1.29,0.53,20.8,20.9,33.1,215.1,1.41,0.76,5.9,10.9,29.3,146.1,1,5,8.47,7.24,59.8,1.41,38.7,10.8,-3.28
Carolina Panthers,2021,23.8,305.9,60.5,5.1,0.94,0.41,18.3,19.8,30.3,192.1,1.53,0.53,5.9,10,27.9,113.8,0.94,4.1,6.59,6.35,52.7,1.71,37.6,8.1,-0.54
Chicago Bears,2021,23.9,316.7,59.4,5.3,0.94,0.47,18.9,18.5,28.1,191.6,1.82,0.47,6.2,10,28.4,125.1,0.82,4.4,6.82,5.47,50.4,2.06,40.4,8.4,-4.56
New York Giants,2021,24.5,354.8,66.9,5.3,1.29,0.41,21.5,23.6,35.9,225.8,1.59,0.88,6,12.7,28.9,129,0.88,4.5,7.41,6.29,47.9,1.35,41.3,12,-4.52
Minnesota Vikings,2021,25.1,383.6,67.8,5.7,1.41,0.47,23,23.6,36.8,252.9,1.71,0.94,6.4,13.2,27.9,130.7,0.88,4.7,7.71,5.47,46.2,2.12,40.2,11.9,-5.08
Washington Commanders,2021,25.5,359.3,62.6,5.7,1.12,0.47,20.4,23.5,35.1,254.9,2,0.65,6.8,12.9,25.3,104.4,0.82,4.1,5.94,5.65,47.2,1.47,42.4,10.7,-7.38
Las Vegas Raiders,2021,25.8,337.2,64.9,5.2,0.88,0.53,20.5,23.5,35.6,222.9,1.71,0.35,5.9,11.9,27.2,114.3,1.06,4.2,6.41,5.82,60.1,2.24,41.6,7.3,-8.14
Houston Texans,2021,26.6,384.4,64.8,5.9,1.47,0.47,22.5,21.4,32.1,242.2,1.59,1,7.1,12.8,30.8,142.2,1.47,4.6,7.94,5.24,46.5,1.71,42.9,12.2,-8.42
Jacksonville Jaguars,2021,26.9,353.1,62.8,5.6,0.53,0.12,20.6,22.2,31.9,227.9,1.41,0.41,6.7,11.6,29,125.1,1.29,4.3,7.29,6.12,51.7,1.71,45.3,5.2,-9.09
Atlanta Falcons,2021,27,364.4,65.5,5.6,1.18,0.47,22.5,23,33.9,232.5,1.82,0.71,6.6,12.6,30.5,131.9,1.12,4.3,8.41,6.94,56.2,1.53,44.7,11.2,-8.04
Los Angeles Chargers,2021,27,360.1,64.9,5.6,1.24,0.59,22.5,21,32.9,221.2,1.59,0.65,6.3,11.7,29.9,138.9,1.29,4.6,8.47,5.82,49.1,2.35,45.3,11.2,-7.23
Detroit Lions,2021,27.5,379.8,64.2,5.9,1.12,0.47,21.9,21.1,32,244.7,1.82,0.65,7.2,12.4,30.5,135.1,1.12,4.4,7.94,5.12,48.1,1.53,47.8,10.6,-10.35
New York Jets,2021,29.6,397.6,67.4,5.9,0.82,0.41,23.6,23.6,34.5,259.4,1.65,0.41,7.1,13.8,30.9,138.3,1.65,4.5,7.59,4.94,47.9,2.24,48.9,7.4,-11.4
Los Angeles Rams,2020,18.5,281.9,61.8,4.6,1.38,0.5,17.5,21.7,34.3,190.7,1.06,0.88,5.1,10.6,24.3,91.3,0.75,3.8,5.69,4.88,36.4,1.19,27.9,12,5.37
Baltimore Ravens,2020,18.9,329.8,63.6,5.2,1.38,0.75,21.7,23.8,37.3,221,1.38,0.63,5.6,13.3,23.9,108.8,0.75,4.6,6,4.81,40.4,2.38,30,12.4,-1.11
Pittsburgh Steelers,2020,19.5,305.8,62.3,4.9,1.69,0.56,17.6,18.6,32.9,194.4,1.38,1.13,5.3,10.2,25.9,111.4,0.81,4.3,5.88,6.44,61.3,1.5,29.3,13.8,2.08
Washington Commanders,2020,20.6,304.6,62.8,4.9,1.44,0.44,18.1,20.6,33.1,191.8,1.31,1,5.3,10.1,26.8,112.8,0.88,4.2,6.25,5.31,44.3,1.75,31.4,12.2,2.03
New Orleans Saints,2020,21.1,310.9,62,5,1.63,0.5,20,20.8,34.8,217,1.75,1.13,5.8,11.6,24.4,93.9,0.69,3.9,5.31,4,32.3,3.13,34.7,13.1,-2.5
Miami Dolphins,2020,21.1,367.9,62.4,5.9,1.81,0.69,21,21.4,34.1,251.5,1.31,1.13,6.9,12.1,25.8,116.4,1.06,4.5,7.06,5.31,50.3,1.88,30.7,15.6,-2.28
New England Patriots,2020,22.1,353.8,61.4,5.8,1.38,0.25,21.2,20.8,30.9,222.3,1.38,1.13,6.9,11.7,29,131.4,1.06,4.5,8.19,5.13,39.9,1.31,38.9,14,-7.07
Tampa Bay Buccaneers,2020,22.2,327.1,63.9,5.1,1.56,0.63,19.9,26.6,38.6,246.6,1.81,0.94,5.9,13.4,22.4,80.6,0.63,3.6,4.88,5.94,63.4,1.63,33.7,14,-1.38
New York Giants,2020,22.3,349.3,65.4,5.3,1.38,0.69,22.1,24.3,35.9,237.9,1.38,0.69,6.2,13.4,27,111.4,0.88,4.1,7.19,5.5,42.6,1.44,41.5,12.2,-4.18
Indianapolis Colts,2020,22.6,332.1,62,5.4,1.56,0.63,20.6,23.1,35.1,241.6,1.5,0.94,6.4,12.7,24.4,90.5,1,3.7,5.88,5.38,47.2,2,35.1,14.3,-4.73
Kansas City Chiefs,2020,22.6,358.3,63.9,5.6,1.38,0.38,22.1,21.8,34.8,236.2,1.81,1,6.4,12.6,27.1,122.1,0.88,4.5,7.06,6.06,47.5,2.38,36.1,13,-7.99
Arizona Cardinals,2020,22.9,351.9,65.9,5.3,1.31,0.63,22.7,22.8,35.6,226.4,1.63,0.69,5.9,12.9,27.3,125.5,0.81,4.6,7.38,6.5,52.6,2.38,37.2,10.5,-5.13
Green Bay Packers,2020,23.1,334,60.9,5.5,1.13,0.44,20.8,21.6,33.5,221.2,1.44,0.69,6.1,11.5,24.8,112.8,1,4.5,7.44,4.94,45.9,1.81,39.9,11.4,-6.85
Chicago Bears,2020,23.1,344.9,63.8,5.4,1.13,0.5,20.7,21.9,34.2,231.6,1.75,0.63,6.4,11.9,27.4,113.4,0.69,4.1,6.5,5.94,53.8,2.31,38,8.9,-5.64
Seattle Seahawks,2020,23.2,380.6,69.5,5.5,1.38,0.5,23.5,28.1,42.1,285,1.44,0.88,6.3,15.8,24.5,95.6,1.13,3.9,6.06,5.88,50.2,1.63,40,12,-5.36
Buffalo Bills,2020,23.4,352.5,64.1,5.5,1.63,0.69,21.9,23.1,35.8,232.9,1.44,0.94,6.1,12.4,25.9,119.6,1.31,4.6,7.81,5.38,45.5,1.69,39.4,15.3,-7.69
San Francisco 49ers,2020,24.4,314.4,62.3,5,1.25,0.5,19.4,21.3,33.6,207.9,1.56,0.75,5.9,11,26.9,106.4,0.75,4,6.38,4.94,44.3,2.06,38.3,10.4,-1.05
Carolina Panthers,2020,25.1,360.1,63.9,5.6,1.38,0.94,22.5,24.9,36.6,239.1,1.75,0.44,6.2,13.2,25.5,121,1.06,4.7,7.13,5.31,44.6,2.19,46,12.4,-7.85
Atlanta Falcons,2020,25.9,398.4,64.6,6.2,1.31,0.56,22.9,26.6,39.1,293.6,2.13,0.75,7.2,14.9,23.8,104.8,0.94,4.4,6.06,5.69,50,1.94,42,12.1,-9.29
Philadelphia Eagles,2020,26.1,363.1,66.3,5.5,1.19,0.69,21.3,22.8,33.1,237.4,1.69,0.5,6.6,13.1,30.1,125.8,1.25,4.2,6.13,7,64.8,2.06,37.8,9.2,-4.44
Cleveland Browns,2020,26.2,358.4,64.7,5.5,1.31,0.63,22,23.2,36.6,247.6,1.94,0.69,6.4,13.4,25.8,110.8,1,4.3,7.25,5.25,43.1,1.38,43,12.7,-9.4
Cincinnati Bengals,2020,26.5,389.2,63.8,6.1,1.06,0.38,21.4,21.3,33.8,241.2,2,0.69,6.9,12,28.9,148,0.81,5.1,7.88,6.19,49.7,1.56,43.3,9.4,-8.89
Los Angeles Chargers,2020,26.6,343.4,62.3,5.5,1.19,0.44,20.3,21.3,33.9,223.6,1.81,0.75,6.3,11.6,26.7,119.8,1.06,4.5,7,5.88,54.3,1.63,43.5,10,-5.61
Tennessee Titans,2020,27.4,398.3,67.3,5.9,1.44,0.5,24.4,26.4,39.4,277.4,2.25,0.94,6.8,15.4,26.7,120.8,1.13,4.5,7.06,6.44,52.5,1.94,45.2,13.3,-11.57
Denver Broncos,2020,27.9,367.9,65.2,5.6,1,0.38,20.8,23.4,35.4,237.9,1.31,0.63,6.3,12.6,27.1,130,1.38,4.8,6.63,6.63,59.5,1.63,44.6,8.2,-5.8
New York Jets,2020,28.6,387.6,67.6,5.7,1.19,0.56,23.8,26.1,37.8,275.6,2.13,0.63,6.9,14.7,27.8,112,1,4,6.25,6.19,56.2,2.88,44.6,10.7,-10.57
Houston Texans,2020,29,416.8,66.8,6.2,0.56,0.38,24.4,23.6,33.8,256.5,1.88,0.19,7.1,13.9,30.8,160.3,1.5,5.2,9.06,4.75,42.4,1.44,47,5.4,-15.18
Dallas Cowboys,2020,29.6,386.4,65.9,5.9,1.44,0.81,22.4,20.5,32.1,227.6,2.13,0.63,6.7,11.3,31.9,158.8,1.25,5,8.88,5.69,45.8,2.31,43.1,12.2,-8.86
Minnesota Vikings,2020,29.7,393.3,64.8,6.1,1.38,0.44,22.9,22.4,33.8,258.8,1.88,0.94,7.3,13,29.5,134.4,1.19,4.6,8.5,5.19,45.2,1.38,50,10.7,-11.27
Las Vegas Raiders,2020,29.9,389.1,64.9,6,0.94,0.31,23.8,23.1,36.3,263.3,1.75,0.63,7,13.9,27.4,125.8,1.5,4.6,7.13,5.94,57.2,2.75,50.3,8.4,-13.2
Jacksonville Jaguars,2020,30.8,417.7,66.8,6.3,1.06,0.31,24.6,23.1,33.3,264.4,2.13,0.75,7.7,13.1,32.3,153.3,1.44,4.7,8.75,4.88,44.4,2.75,47.8,9.2,-14.28
Detroit Lions,2020,32.4,419.8,66.8,6.3,0.75,0.31,25.9,23.9,34.8,284.9,2.38,0.44,7.8,15.8,30.4,134.9,1.69,4.4,7.94,6.44,49.8,2.19,47.9,7.1,-17.69
New England Patriots,2019,14.1,275.9,59.3,4.7,2.25,0.69,16.3,18.9,33.5,180.4,0.81,1.56,5,9.38,22.8,95.5,0.44,4.2,4.5,6.69,57.5,2.44,19.1,17,10.4
Buffalo Bills,2019,16.2,298.3,61.6,4.8,1.44,0.56,18.4,21.8,34.6,195.2,0.94,0.88,5.2,10.6,24.3,103.1,0.75,4.3,5.81,5.88,50.9,2.06,23.6,12.1,3.05
Baltimore Ravens,2019,17.6,300.6,57.6,5.2,1.56,0.75,17.3,19.9,34,207.2,0.94,0.81,5.7,10.2,21.3,93.4,0.75,4.4,4.63,6.06,49.7,2.44,32.5,14.5,1.35
Chicago Bears,2019,18.6,324.1,63.6,5.1,1.19,0.56,19.1,22.6,35.7,222.1,1.06,0.63,5.9,11.9,25.9,102,1,3.9,5.38,7.06,57.7,1.88,30.9,10.5,0.05
Minnesota Vikings,2019,18.9,341.6,65.8,5.2,1.94,0.88,20.3,24.6,37.6,233.6,1.44,1.06,5.8,13.4,25.3,108,0.5,4.3,4.88,5.19,44.6,1.94,34.7,17.3,-0.24
Pittsburgh Steelers,2019,18.9,304.1,64.4,4.7,2.38,1.13,19,19.6,32.1,194.6,1.44,1.25,5.5,10.3,28.9,109.6,0.44,3.8,6.88,7.19,69.9,1.88,29.4,19.8,5.42
Kansas City Chiefs,2019,19.3,349.6,65.2,5.4,1.44,0.44,21.5,22,36.4,221.4,1.31,1,5.7,11.9,26,128.2,0.88,4.9,7.19,7.25,52.8,2.44,34.1,13.4,-3.54
San Francisco 49ers,2019,19.4,281.8,60.5,4.7,1.69,0.94,17.8,19.9,32.4,169.2,1.44,0.75,4.8,9.38,25.1,112.6,0.69,4.5,6.56,7.25,59.8,1.88,28.8,14.1,5.28
Green Bay Packers,2019,19.6,352.6,62.4,5.7,1.56,0.5,19.4,20.4,34.1,232.6,1.19,1.06,6.3,11.9,25.7,120.1,0.94,4.7,6.19,6.06,60.5,1.25,34.3,14,-3.73
Denver Broncos,2019,19.8,337,62.7,5.4,1.06,0.44,19.1,21.8,33.6,225.6,1.19,0.63,6.3,10.9,26.6,111.4,0.56,4.2,6,7.56,65.1,2.13,36.3,8.8,-2
Dallas Cowboys,2019,20.1,327,63.4,5.2,1.06,0.63,20.4,23.1,35.6,223.5,1.31,0.44,5.9,11.8,25.4,103.5,0.88,4.1,6.31,6.38,53.4,2.38,35.3,9.8,-1.99
Tennessee Titans,2019,20.7,359.5,66,5.4,1.44,0.56,20.9,24.1,37.4,255,1.56,0.88,6.4,13.3,25.9,104.5,0.88,4,5.94,7.81,64.1,1.69,31.7,11.6,-3.08
New Orleans Saints,2019,21.3,333.1,62.4,5.3,1.44,0.63,19.4,23.2,37.7,241.8,1.69,0.81,5.9,12.3,21.6,91.3,0.75,4.2,4.44,5.75,44.6,2.69,35.1,12.6,-2.43
Los Angeles Chargers,2019,21.6,313.1,57.7,5.4,0.88,0.19,17.8,20.5,29,200.3,1.31,0.69,6.5,9.75,26.8,112.8,0.94,4.2,6.31,6.75,59.9,1.75,36.6,8.7,-5.26
Philadelphia Eagles,2019,22.1,331.7,60.4,5.5,1.25,0.56,18.1,21.8,35.7,241.6,1.69,0.69,6.3,11.6,22.1,90.1,0.81,4.1,4.75,7.19,59.9,1.75,33.5,10.1,-1.54
New York Jets,2019,22.4,323.1,64.8,5,1.31,0.56,18.9,22.7,36.6,236.2,1.56,0.75,6.1,11.7,26.1,86.9,0.75,3.3,4.69,6.69,56.4,2.5,33.7,9.8,0.43
Los Angeles Rams,2019,22.8,339.6,66,5.1,1.5,0.69,20.3,21.8,35.1,226.6,1.44,0.81,5.9,12.1,27.8,113.1,0.94,4.1,6.25,6.56,51.8,1.88,33.5,12.4,-0.66
Indianapolis Colts,2019,23.3,346.8,61.6,5.6,1.44,0.5,20.2,24.6,35.1,248.9,1.81,0.94,6.6,12.9,23.9,97.9,0.5,4.1,5.81,6.94,65,1.44,38.8,12.9,-3.52
Houston Texans,2019,24.1,388.3,63.8,6.1,1.38,0.63,21.6,23.4,36.6,267.3,2.06,0.75,6.9,13.8,25.2,121.1,0.75,4.8,6.13,6.81,53.7,1.75,38.8,12.9,-9.74
Cleveland Browns,2019,24.6,361.6,63.4,5.7,1.25,0.38,21.6,19.9,32.1,216.9,1.56,0.88,6.3,11.5,28.9,144.7,1.19,5,7.75,6.69,52.3,2.31,36.8,11,-5.51
Jacksonville Jaguars,2019,24.8,375.4,62.4,6,1.19,0.56,21.3,20.4,32.3,236.1,1.38,0.63,6.7,12.1,27.2,139.3,1.44,5.1,7.13,6.38,55.2,2.06,37.2,9.4,-7.38
Seattle Seahawks,2019,24.9,381.6,63.4,6,2,1,21.6,23.9,37.4,263.9,1.19,1,6.7,14,24.3,117.7,1.38,4.9,6.06,6,49.9,1.56,36.9,16.2,-5.19
Atlanta Falcons,2019,24.9,355.8,61.6,5.8,1.25,0.5,20.6,21.9,33.5,244.9,1.75,0.75,6.9,12,26.3,110.9,0.81,4.2,6.75,7.94,67.5,1.88,42.5,9,-6.15
Las Vegas Raiders,2019,26.2,354.8,60.2,5.9,0.94,0.38,21.5,21.1,32.9,256.7,2.06,0.56,7.4,12.6,25.3,98.1,0.94,3.9,5.69,5.69,47.7,3.25,41,8.4,-9.98
Cincinnati Bengals,2019,26.3,393.7,64.6,6.1,1,0.31,20.5,19.3,31.2,244.8,1.56,0.69,7.4,11.4,31.5,148.9,1.06,4.7,7.75,7.63,61.8,1.31,39.3,8.7,-8.17
Detroit Lions,2019,26.4,400.4,68.4,5.9,1.13,0.69,22.8,23.8,38.2,284.4,2.06,0.44,7.1,14.5,28.4,115.9,0.81,4.1,5.88,7.31,60,2.44,40.3,8.8,-8.6
Washington Commanders,2019,27.2,385.1,67.4,5.7,1.38,0.56,22.1,23.2,33.8,238.9,2.19,0.81,6.5,12.5,30.8,146.2,0.88,4.7,7.5,5.88,50.3,2.13,42,11.9,-8.3
Arizona Cardinals,2019,27.6,402,67.5,6,1.06,0.63,23.4,26.3,37.6,281.9,2.38,0.44,7,15.2,27.4,120.1,0.56,4.4,5.88,7.13,65.1,2.38,43,9.3,-10.85
Tampa Bay Buccaneers,2019,28.1,343.9,67.1,5.1,1.75,1,20.7,25.5,41.5,270.1,1.88,0.75,6.1,13.9,22.6,73.8,0.69,3.3,4.38,6.94,60.7,2.44,39.4,13.6,1.26
New York Giants,2019,28.2,377.3,66.3,5.7,1,0.38,21.4,23.1,34.8,264.1,1.88,0.63,7.1,13.2,29.3,113.3,1.19,3.9,6.25,7.31,57.6,2,39.8,8.6,-6.51
Carolina Panthers,2019,29.4,374.5,65.1,5.8,1.31,0.44,22.2,21.7,34,231,1.31,0.88,6.2,12.3,27.8,143.5,1.94,5.2,8,6.81,58.8,1.88,40.1,10.2,-6.87
Miami Dolphins,2019,30.9,397.8,65.8,6,1,0.19,22.6,21.5,34.1,262.4,2.44,0.81,7.4,13.4,30.3,135.4,0.94,4.5,7.06,6.94,67.8,2.13,45.9,8.6,-10.63
Chicago Bears,2018,17.7,299.7,62.8,4.8,2.25,0.56,17.4,23.6,38.4,219.7,1.38,1.69,5.3,11.6,21.2,80,0.31,3.8,4.19,7.13,63.9,1.56,28.6,19.5,5.97
Baltimore Ravens,2018,17.9,292.9,60.9,4.8,1.06,0.31,17.9,21.1,36.1,210,1.31,0.75,5.4,10.9,22.1,82.9,0.69,3.7,5.13,7.06,63.6,1.88,29.1,9.5,2.49
Tennessee Titans,2018,18.9,333.4,62.6,5.3,1.06,0.38,18.6,21.1,33.3,216.9,1.31,0.69,6.1,11.4,26.8,116.4,0.56,4.3,6.13,7.5,61.5,1.13,33.1,9.9,-1.38
Houston Texans,2018,19.8,343.1,63.9,5.4,1.81,0.88,18.6,24.1,37.1,260.4,1.75,0.94,6.5,12.5,24.1,82.7,0.5,3.4,4.75,7.31,59.1,1.38,31.6,13.9,-0.64
Jacksonville Jaguars,2018,19.8,311.4,60.6,5.1,1.06,0.38,18,19.5,31.2,194.6,1.06,0.69,5.8,10.1,27.1,116.9,1,4.3,5.56,5.75,45.9,2.31,33.1,8.3,0.29
Dallas Cowboys,2018,20.3,329.3,61.3,5.4,1.25,0.69,19.3,22.9,33.9,234.7,1.38,0.56,6.5,12.1,25,94.6,0.75,3.8,5.56,5.56,42.6,1.69,36.5,12,-3.29
New England Patriots,2018,20.3,359.1,62.6,5.7,1.75,0.63,20.1,23.1,37.8,246.4,1.81,1.13,6.2,13,22.9,112.7,0.44,4.9,5.81,5.69,52.4,1.31,32.6,15,-2.04
Los Angeles Chargers,2018,20.6,333.7,61.3,5.4,1.25,0.44,19.4,21.9,34.3,227.9,1.44,0.81,6.2,11.1,24.7,105.8,0.69,4.3,6.31,6.44,51.8,2,33.7,11.8,-2.41
Minnesota Vikings,2018,21.3,309.7,62.1,5,1.25,0.5,18.9,19.7,31.4,196.3,0.94,0.75,5.7,10,27.5,113.4,0.81,4.1,6.69,6.63,52.1,2.25,33.7,10.5,1.45
Indianapolis Colts,2018,21.5,339.7,62.3,5.5,1.63,0.69,19.7,24,33.9,237.8,1.31,0.94,6.6,12.7,26.1,101.9,0.75,3.9,5.44,8.19,69.7,1.56,35.5,14.5,-2.33
Seattle Seahawks,2018,21.7,353.3,59.7,5.9,1.63,0.88,20.2,22.2,34.1,240.1,1.63,0.75,6.5,12.6,22.9,113.2,0.56,4.9,5.69,6.75,61.3,1.94,35.2,14.2,-3.83
Philadelphia Eagles,2018,21.8,366.2,62.6,5.8,1.06,0.44,19.3,26.1,39.1,269.3,1.38,0.63,6.4,13.4,20.8,96.9,0.88,4.7,4.44,7.19,62.2,1.38,38.6,9.1,-5.64
Denver Broncos,2018,21.8,365.1,63.9,5.7,1.75,0.69,19.9,22.1,34.3,245.6,1.63,1.06,6.6,12.3,26.8,119.6,0.69,4.5,5.31,7.69,62.9,2.25,34.1,14.1,-2.47
New Orleans Saints,2018,22.1,349.1,61.1,5.7,1.5,0.75,20.8,24,35.8,268.9,1.88,0.75,6.9,14,22.3,80.2,0.75,3.6,4.5,5.31,50.9,2.31,36,14.6,-5.24
Washington Commanders,2018,22.4,353.4,62.3,5.7,1.63,0.69,20.6,22.6,33.6,237.1,1.69,0.94,6.5,12.3,25.8,116.3,0.75,4.5,6.81,6.38,49.4,1.5,35.1,14.6,-5.47
Detroit Lions,2018,22.5,335,58.9,5.7,0.88,0.44,19.7,20.2,31,224.9,1.81,0.44,6.7,11.9,25.2,110.1,0.69,4.4,5.5,5.88,55.4,2.25,34.5,7,-6.29
Pittsburgh Steelers,2018,22.5,327.2,61.7,5.3,0.94,0.44,19.8,22.6,35.4,231.1,1.69,0.5,6,12.5,23.1,96.1,0.81,4.2,5.25,8.5,73.1,2.06,33.7,8.2,-3.27
Buffalo Bills,2018,23.4,294.1,60.5,4.9,1.69,0.69,18.3,19.6,30.8,179.2,1.38,1,5.4,9.81,27.5,114.9,1.06,4.2,6.94,6.19,61,1.56,33.3,14.3,1.26
Carolina Panthers,2018,23.9,353.2,59.3,6,1.44,0.63,19.7,22.1,33.1,240.4,2,0.81,6.8,11.6,24,112.8,0.81,4.7,6.88,5.69,50.3,1.25,38,12.9,-7.02
Los Angeles Rams,2018,24,358.6,60,6,1.88,0.75,20.1,21.7,33.3,236.3,1.94,1.13,6.6,11.6,24.1,122.3,0.75,5.1,6.31,6.19,53.3,2.25,38.2,16.9,-4.63
Cleveland Browns,2018,24.5,393,70.1,5.6,1.94,0.88,23.6,24.6,39.1,257.8,1.31,1.06,6.2,13.5,28.7,135.2,1.25,4.7,8.13,7.44,61.9,1.94,35.3,15.4,-2.88
Green Bay Packers,2018,25,354.4,63.6,5.6,0.94,0.5,20.7,21,32.9,234.5,1.88,0.44,6.6,12.4,27.9,119.9,0.94,4.3,6.25,6.06,49.5,2,37.9,8.2,-6.59
New York Giants,2018,25.8,371.4,64.6,5.7,1.31,0.31,21.6,22.6,35,252.8,1.5,1,6.9,12.8,27.8,118.6,1.13,4.3,6.44,6.88,57.4,2.38,40.9,11.6,-6.7
Kansas City Chiefs,2018,26.3,405.5,69.3,5.9,1.69,0.75,26.2,25.4,39.5,273.4,1.88,0.94,6.4,15.4,26.6,132.1,1.19,5,8.06,6.69,55.1,2.69,40.8,14.9,-10.21
Atlanta Falcons,2018,26.4,384.5,64.4,6,1.19,0.25,23.4,24.9,36.6,259.6,2.06,0.94,6.7,14.1,25.6,124.9,1,4.9,7.19,6.75,62.6,2.13,41.5,10.5,-9.98
Arizona Cardinals,2018,26.6,358.8,66.6,5.4,1,0.56,22.3,21.4,31.6,203.9,1.31,0.44,5.9,11.6,31.9,154.9,1.56,4.9,8.69,6.25,49.4,2,38,8.6,-5.36
Miami Dolphins,2018,27.1,391.1,64,6.1,1.75,0.44,21.9,20.9,31.8,245.8,1.94,1.31,7.3,12.2,30.3,145.3,1.06,4.8,7.25,6.69,53.5,2.44,39.9,14.2,-7.8
San Francisco 49ers,2018,27.2,346.6,63.9,5.4,0.44,0.31,21.1,21.5,33.9,233.3,2.19,0.13,6.4,12.2,27.8,113.4,0.81,4.1,6.5,7.31,63.2,2.38,39.8,3.9,-7.93
New York Jets,2018,27.6,380.4,66.3,5.7,1.25,0.44,21.4,22.9,36.4,254.1,1.81,0.81,6.5,12.6,27.5,126.3,1,4.6,6.5,5.94,51.1,2.38,39.1,9.9,-4.58
Cincinnati Bengals,2018,28.4,413.6,67.8,6.1,1.13,0.38,23.3,24.3,36.5,275.9,2,0.75,7.1,13.8,29.1,137.8,1.06,4.7,7.81,7.06,59,1.63,46.3,10.2,-10.3
Tampa Bay Buccaneers,2018,29,383.4,62.4,6.1,1.06,0.5,22.3,24.2,33.4,259.4,2.13,0.56,7.3,13.1,26.6,123.9,1.19,4.7,7.63,7.94,72.3,1.56,40.7,8.2,-9.51
Las Vegas Raiders,2018,29.2,381.4,60.8,6.3,1.06,0.19,19.8,18.7,30,240.8,2.25,0.88,7.8,11.1,30,140.6,1,4.7,6.75,7.31,61.9,1.94,44.3,9.8,-10.75
Minnesota Vikings,2017,15.8,275.9,59.8,4.6,1.19,0.31,16.3,20.3,34.7,192.4,0.81,0.88,5.2,10.5,22.8,83.6,0.63,3.7,3.69,6.56,58,2.06,27.9,10.1,9.07
Jacksonville Jaguars,2017,16.8,286.1,62.1,4.6,2.06,0.75,16.1,18.1,31.8,169.9,1.06,1.31,4.8,8.94,26.8,116.3,0.56,4.3,5.69,7,65.6,1.44,23.9,15.6,15.8
Los Angeles Chargers,2017,17,328.4,62.3,5.3,1.69,0.56,17.6,20.6,32.8,197.3,1.06,1.13,5.6,9.56,26.9,131.1,0.69,4.9,6.19,6.81,62.3,1.88,28.5,15.1,7.52
Philadelphia Eagles,2017,18.4,306.5,61,5,1.94,0.75,17,22.7,37.6,227.3,1.5,1.19,5.7,11.1,21.1,79.2,0.44,3.8,3.88,6.31,57.3,2.06,27.1,15.4,10.1
New England Patriots,2017,18.5,366,63.9,5.7,1.13,0.38,20.3,22.9,36.9,251.3,1.5,0.75,6.4,12.8,24.4,114.8,0.38,4.7,6.13,6.94,64.7,1.44,30.2,9.9,0.76
Baltimore Ravens,2017,18.9,325.1,65.3,5,2.13,0.75,18.5,20.8,35.6,213.8,1.13,1.38,5.6,11.2,27.2,111.3,0.75,4.1,5.44,6,50.4,1.88,29.7,17.4,11.3
Pittsburgh Steelers,2017,19.3,306.9,58.8,5.2,1.38,0.38,16.9,18.6,31.2,201.1,1.25,1,5.8,9.81,24.1,105.8,0.88,4.4,5.56,6.88,65.1,1.5,30.3,12.4,1.98
Atlanta Falcons,2017,19.7,318.4,62.1,5.1,1,0.5,20.2,22.6,34.6,214.3,1.38,0.5,5.8,12.3,25.1,104.1,0.56,4.1,6.06,6.44,55,1.81,36,9.1,7.97
Chicago Bears,2017,20,319.1,62.7,5.1,1.38,0.88,18.6,21.4,33.1,211,1.13,0.5,5.9,11.3,27,108.1,0.63,4,5.31,7.38,56.9,2.06,33.1,11.2,8.12
New Orleans Saints,2017,20.4,336.5,62.6,5.4,1.56,0.31,19.3,20.6,34.6,224.8,1.38,1.25,6,10.8,25.4,111.7,0.69,4.4,5.75,6.75,53.1,2.75,33.3,13.6,4.02
Carolina Panthers,2017,20.4,317.1,59.6,5.3,1.31,0.69,17.6,21.9,34.4,229.1,1.56,0.63,6.1,11.7,22.1,88.1,0.44,4,4.31,6.31,54.2,1.63,33.9,11.7,6.38
Los Angeles Rams,2017,20.6,339.5,63.8,5.3,1.75,0.63,18.8,20.3,34.7,217.2,1.31,1.13,5.8,11.3,26.1,122.3,0.94,4.7,5.38,6.38,50.5,2.06,30.6,14,6.28
Dallas Cowboys,2017,20.8,318.1,62.5,5.1,1.31,0.69,19.5,23.2,34.9,214.1,1.75,0.63,5.7,11.3,25.2,104,0.44,4.1,6,6.69,55,2.19,31.6,10.5,1.87
Seattle Seahawks,2017,20.8,323.2,65.3,4.9,1.56,0.69,19.8,20.3,34.6,209.2,1.19,0.88,5.6,11.3,28.3,114,0.88,4,5.63,6.38,54.9,2.81,33.2,11.9,7.85
Kansas City Chiefs,2017,21.2,365.1,65.3,5.6,1.63,0.63,22,20.3,35.6,247,1.44,1,6.6,12.8,27.7,118.1,0.94,4.3,7,6.69,54,2.25,33.5,13.4,2.35
Cincinnati Bengals,2017,21.8,339.1,68.2,5,0.88,0.19,20.3,21,35.1,211.2,1.25,0.69,5.6,10.8,30.6,127.9,0.81,4.2,6.94,6.63,56.6,2.56,37,7.6,9.97
Tennessee Titans,2017,22.3,328,65.4,5,1.31,0.56,20.2,23.1,37.8,239.3,1.69,0.75,5.9,14.4,24.9,88.8,0.31,3.6,4.25,7.44,58.9,1.5,37.3,10.8,4.84
Buffalo Bills,2017,22.4,355.1,66.6,5.3,1.56,0.44,21.8,23.1,35.8,230.5,0.88,1.13,6.1,12.4,29.1,124.6,1.38,4.3,7.56,6.06,54.6,1.75,37.2,13.1,5.4
Arizona Cardinals,2017,22.6,310.8,63,4.9,1.31,0.38,17.7,21.4,35.3,221.3,1.5,0.94,5.9,11.7,25.4,89.5,0.75,3.5,4.25,8.06,70.5,1.75,31.5,10.5,8.94
Las Vegas Raiders,2017,23.3,350.1,62.1,5.6,0.88,0.56,19,22.6,33.1,241.1,1.5,0.31,6.9,11.7,27.1,108.9,0.69,4,5.81,6.38,59,1.5,40.9,7,0.72
Detroit Lions,2017,23.5,355.8,64.8,5.5,2,0.81,21.8,22.9,35.6,243.3,1.31,1.19,6.4,12.8,27,112.5,1.13,4.2,6.81,6.88,60.7,2.19,32.3,16.1,7.68
New York Jets,2017,23.9,352.3,65.8,5.4,1.25,0.56,20.6,20.6,34.9,234.3,1.88,0.69,6.4,11.9,29.1,117.9,0.81,4,5.5,7.13,61.3,3.13,33.3,10.4,2.62
Denver Broncos,2017,23.9,290,59.5,4.9,1.06,0.44,16.6,18.4,30.7,200.6,1.81,0.63,6.1,10.4,26.8,89.4,0.56,3.3,4.25,5.56,51.3,2,32.5,8.8,8.2
Tampa Bay Buccaneers,2017,23.9,378.1,63.2,6,1.63,0.81,20.4,23.2,34.3,260.6,1.38,0.81,7.3,12.6,27.5,117.5,1.06,4.3,6.38,6.81,58.6,1.44,38.9,13.1,3.17
San Francisco 49ers,2017,23.9,351.6,66.6,5.3,1.25,0.63,21.4,21.5,34,235.3,1.69,0.63,6.6,12.4,30.7,116.3,0.81,3.8,6.75,6.06,49.4,2.31,37.8,10.1,1.62
Green Bay Packers,2017,24,348.9,63.4,5.5,1.38,0.69,20.7,21.8,32.1,236.8,1.88,0.69,6.9,13.2,29,112.1,0.63,3.9,5.94,5.88,52,1.56,40.2,11.5,1.02
New York Giants,2017,24.3,373.2,65.8,5.7,1.19,0.38,19.6,21.7,35.1,252.4,2,0.81,6.9,11.8,29,120.8,0.63,4.2,6.31,7.19,57.7,1.44,35.5,9.6,5.94
Washington Commanders,2017,24.3,347.9,65.3,5.3,1.44,0.44,19.2,19.1,33.2,213.8,1.44,1,6,10.7,29.5,134.1,0.81,4.5,6.56,6.25,55.4,1.94,35.9,11.8,7.54
Miami Dolphins,2017,24.6,335.7,61.8,5.4,0.94,0.38,19.9,21.2,33,225.2,1.63,0.56,6.5,11.9,26.9,110.5,0.88,4.1,5.5,7.63,67.3,2.56,36.6,8.1,3.82
Indianapolis Colts,2017,25.3,367.1,64.1,5.7,1.25,0.44,20.3,20,32.1,246.6,1.44,0.81,7.3,12,30.5,120.4,0.94,3.9,6.19,6.38,51.4,2.06,39.7,10.3,0.31
Cleveland Browns,2017,25.6,328.1,64.1,5.1,0.81,0.38,19.7,22.5,32.8,230.3,1.75,0.44,6.6,11.8,29.2,97.9,0.88,3.4,5.94,6.31,56.6,1.94,36.2,6.9,0.87
Houston Texans,2017,27.3,346.6,60.8,5.7,1,0.31,18.8,20.1,31.3,237.4,1.88,0.69,7.1,11,27.5,109.2,0.88,4,5.5,7.63,70.5,2.31,39.7,7.7,2.95
New England Patriots,2016,15.6,326.4,62.4,5.2,1.44,0.63,18.4,23,37.3,237.9,1.31,0.81,6,11.9,23,88.6,0.38,3.9,5.06,7.06,58.1,1.44,26.8,11.2,6.76
New York Giants,2016,17.8,339.7,66.4,5.1,1.56,0.5,18.6,23.1,39.4,251.1,0.94,1.06,6,11.9,24.8,88.6,0.63,3.6,5.13,6.5,53.3,1.56,29.9,12.2,6.14
Seattle Seahawks,2016,18.3,318.7,63.8,5,1.19,0.5,19.2,20.7,33.6,225.8,1,0.69,6.2,11.3,27.6,92.9,1,3.4,5.88,6.44,57.8,2.06,28.3,10.3,4.36
Denver Broncos,2016,18.6,316.1,67.3,4.7,1.69,0.81,19.1,19.1,34.5,185.8,0.81,0.88,5,10.6,30.1,130.3,0.94,4.3,6.31,6.88,61.9,2.25,29.4,12.2,9.03
Dallas Cowboys,2016,19.1,343.9,63.1,5.5,1.25,0.69,20.6,26.6,39.6,260.4,1.56,0.56,6.2,14.1,21.3,83.5,0.56,3.9,4.94,5.63,49,1.56,35.1,11.3,-1.71
Minnesota Vikings,2016,19.2,314.9,62.1,5.1,1.69,0.81,19,20.8,34.3,207.9,1.38,0.88,5.6,11.6,25.3,106.9,0.56,4.2,5.44,6.19,51.6,1.94,33.3,14.1,6.11
Kansas City Chiefs,2016,19.4,368.5,66.4,5.5,2.06,0.94,21.4,21.9,37.4,247.4,1.44,1.13,6.3,13.1,27.3,121.1,0.63,4.4,6.38,6.81,49.8,1.94,31.9,16.5,3.69
Cincinnati Bengals,2016,19.7,350.8,64.9,5.4,1.25,0.19,20.4,23.4,37.1,237.5,1.38,1.06,6.1,12.3,25.8,113.3,0.75,4.4,5.94,6.56,59.4,2.25,34.7,11.4,-0.02
Baltimore Ravens,2016,20.1,322.1,62.1,5.2,1.75,0.63,18.4,23.1,36.1,232.8,1.75,1.13,6.1,11.9,24,89.4,0.63,3.7,4.63,5.88,56.3,1.88,28.1,14.1,3.14
Pittsburgh Steelers,2016,20.4,342.6,62.3,5.5,1.44,0.63,19.6,23.8,36.9,242.6,1.25,0.81,6.2,11.5,23.1,100,0.94,4.3,5.94,6.81,57.5,2.13,34.5,11.9,0.82
Houston Texans,2016,20.5,301.3,59.4,5.1,1.06,0.38,17,19.9,32.6,201.6,1.25,0.69,5.8,9.81,24.8,99.7,0.81,4,5.44,7.13,59.3,1.75,31.7,9.1,5.56
Philadelphia Eagles,2016,20.7,342.8,61.1,5.6,1.63,0.63,18.8,20.8,34.6,239.5,1.56,1,6.5,11.1,24.4,103.3,0.63,4.2,5.56,6.19,52.3,2.13,33.9,13.4,1.62
Detroit Lions,2016,22.4,354.8,60.3,5.9,0.88,0.25,20.8,24.9,34.3,248.4,2.06,0.63,6.9,12.9,24.3,106.3,0.5,4.4,6.19,7.63,61.2,1.75,39.4,8.8,-5.5
Arizona Cardinals,2016,22.6,305.2,63.7,4.8,1.75,0.88,18.3,21.5,34.2,210.3,1.31,0.88,5.7,10.9,26.5,94.9,1,3.6,5.63,7.69,63.1,1.75,32.5,12.9,5.11
Tampa Bay Buccaneers,2016,23.1,367.9,63.3,5.8,1.81,0.75,20.4,21.7,34.3,250.8,1.5,1.06,6.8,12.7,26.7,117.2,0.94,4.4,6.38,7.56,66.3,1.31,35.9,14.7,2.48
Tennessee Titans,2016,23.6,357.5,64.4,5.5,1.13,0.38,20.3,24.3,39.7,269.2,1.56,0.75,6.4,14.2,22.3,88.3,0.63,4,4.38,8.56,74.4,1.69,35,9,0.53
Buffalo Bills,2016,23.6,357,63.7,5.6,1.13,0.38,21.1,19.1,31.9,223.9,1.19,0.75,6.5,11.4,29.3,133.1,1.31,4.5,7.63,6.63,55.3,2.06,38.8,9.3,2.91
Miami Dolphins,2016,23.8,382.6,68,5.6,1.56,0.56,21.8,23,36.9,242.2,1.88,1,6.2,12.4,29,140.4,0.75,4.8,6.81,6.81,57.4,2.56,35.1,12.9,-1.03
Washington Commanders,2016,23.9,377.9,65.6,5.8,1.31,0.5,23,24.2,36.8,258.1,1.38,0.81,6.6,14.1,26.4,119.8,1.19,4.5,6.81,6.25,63.9,2.13,38.5,11.8,-2.04
Las Vegas Raiders,2016,24.1,375.1,61.7,6.1,1.88,0.88,19.9,20.5,33.8,257.5,1.69,1,7.3,11.8,26.3,117.6,1.13,4.5,5.88,7.19,66.4,2.25,35.3,14.2,-1.76
Green Bay Packers,2016,24.3,363.9,61.7,5.9,1.56,0.5,20.6,23.1,35.7,269.3,2,1.06,7.1,14.2,23.5,94.7,0.69,4,5,6.81,60.3,1.38,41,13.9,-1.83
Indianapolis Colts,2016,24.5,382.9,64,6,1.06,0.56,22.1,23.6,36.4,262.5,1.69,0.5,6.8,14.1,25.6,120.4,0.75,4.7,5.81,7.81,72.2,2.19,41.5,9.7,-2.93
Los Angeles Rams,2016,24.6,337,64.8,5.2,1.13,0.5,20.3,23.6,36.4,233.3,2,0.63,6.1,12.1,26.5,103.8,0.75,3.9,5.69,6.75,57.5,2.5,31.3,9.4,-0.18
Chicago Bears,2016,24.9,346.8,63.3,5.5,0.69,0.19,20.1,21.4,33.1,224.9,1.38,0.5,6.3,11.8,27.8,121.9,1.13,4.4,6.19,6.44,59.9,2.19,42,6.3,-4.26
Jacksonville Jaguars,2016,25,321.7,64.4,5,0.81,0.38,19.1,21.6,34.4,215.3,1.25,0.44,5.9,10.9,27.9,106.4,1.06,3.8,5.81,6.31,59.3,2.38,39.3,5.8,2.53
Carolina Panthers,2016,25.1,359.8,64.7,5.6,1.69,0.63,20.6,25.6,38.3,268.2,1.69,1.06,6.5,13.9,23.5,91.6,0.69,3.9,5.63,7,56.7,1,36.2,13.8,3.61
Atlanta Falcons,2016,25.4,371.2,66.2,5.6,1.38,0.63,22.4,26.4,40.9,266.7,1.94,0.75,6.2,14.5,23.1,104.5,0.94,4.5,5.94,7.06,60.9,1.94,39.2,11.4,-2.13
New York Jets,2016,25.6,342.4,62.5,5.5,0.88,0.38,19.9,21.7,34.1,243.6,1.88,0.5,6.8,12.7,26.8,98.8,0.69,3.7,5.38,4.63,40.7,1.81,37.7,7.1,-3.5
Los Angeles Chargers,2016,26.4,347.1,64.1,5.4,1.75,0.63,20.6,22.8,36.3,249.2,1.31,1.13,6.5,12.8,25.6,97.9,1.25,3.8,6.13,7.44,52.3,1.69,39.8,14.5,4.49
Cleveland Browns,2016,28.3,392.4,66.7,5.9,0.81,0.19,22.8,21.7,33.9,249.8,2.25,0.63,7,13.8,31.1,142.7,1.13,4.6,7.56,6.5,58.1,1.44,40.8,6.1,-8.01
New Orleans Saints,2016,28.4,375.4,63,6,1.31,0.75,22.1,23.6,36.4,273.8,1.69,0.56,7.2,14.4,24.8,101.6,1.19,4.1,5.69,6.5,55.1,2,45.3,12.2,-3.85
San Francisco 49ers,2016,30,406.4,68.9,5.9,1.25,0.63,22.4,20.1,32.6,240.5,1.88,0.63,6.9,11.7,34.3,165.9,1.56,4.8,8.75,5.81,48.8,1.94,41.4,9.4,-3.26
Seattle Seahawks,2015,17.3,291.8,59.2,4.9,1.44,0.56,17.1,20.8,34.3,210.3,0.88,0.88,5.8,10.9,22.6,81.5,0.63,3.6,4.44,5.88,49.7,1.69,29.3,13.2,3.69
Cincinnati Bengals,2015,17.4,340.8,64.5,5.3,1.75,0.44,19.2,25.9,40.4,248.5,1.13,1.31,5.8,12.6,21.5,92.3,0.5,4.3,4.63,7.25,66.4,1.94,28.9,15,2.56
Kansas City Chiefs,2015,17.9,329.3,64.8,5.1,1.81,0.44,19.6,21.8,37.9,231.1,1.56,1.38,5.7,12.1,23.9,98.2,0.44,4.1,5.38,6.88,58.8,2.13,27.3,15.3,6.61
Denver Broncos,2015,18.5,283.1,64.6,4.4,1.69,0.81,18.1,21.5,35.8,199.6,1.19,0.88,5.1,10.1,25.5,83.6,0.63,3.3,5.06,6.5,48.3,2.88,26.9,11.9,8.84
Minnesota Vikings,2015,18.9,344.4,63.4,5.4,1.38,0.56,19.9,22.4,35.1,235.1,1.5,0.81,6.2,11.8,25.7,109.3,0.44,4.3,5.88,6.81,54.7,2.19,33.3,11.9,0.72
Carolina Panthers,2015,19.3,322.9,66.1,4.9,2.44,0.94,18.6,24.4,40.6,234.5,1.31,1.5,5.4,12.4,22.8,88.4,0.69,3.9,4.63,6.19,51.4,1.63,26.5,19.4,7.36
Arizona Cardinals,2015,19.6,321.7,61.4,5.2,2.06,0.88,17.8,21.4,35.8,230.4,1.5,1.19,6.1,11.1,23.3,91.3,0.56,3.9,4.94,8.13,75.1,1.75,31.7,16.7,2.18
Houston Texans,2015,19.6,310.2,61.6,5,1.56,0.69,17.6,20.4,34.6,210.4,1.5,0.88,5.6,10.8,24.3,99.8,0.63,4.1,4.94,7.25,61.9,1.81,27.3,11.1,2.91
New York Jets,2015,19.6,318.6,63.3,5,1.88,0.75,16.9,21.4,37.6,235.2,1.56,1.13,5.9,11.6,23.3,83.4,0.25,3.6,3.88,5.63,47.9,1.5,28.4,14.4,3.71
New England Patriots,2015,19.7,339.4,65.1,5.2,1.31,0.56,18.9,22.6,37.3,240.8,1.5,0.75,6,12.8,24.8,98.6,0.5,4,4.81,7,63.3,1.38,28.9,10.5,1.7
Pittsburgh Steelers,2015,19.9,363.1,65.9,5.5,1.88,0.81,20.4,25.1,39.1,271.9,1.81,1.06,6.5,14.4,23.9,91.2,0.38,3.8,4.44,7.56,74.9,1.56,32.3,14.3,2.32
Green Bay Packers,2015,20.2,346.7,63.4,5.5,1.38,0.38,18.8,20.1,34.4,227.6,1.25,1,6.1,11.4,26.3,119.1,0.81,4.5,6,7.5,69.2,1.31,31.3,11.5,-0.61
Los Angeles Rams,2015,20.6,367.8,68.2,5.4,1.63,0.81,20,24.9,37.3,254.1,1.31,0.81,6.4,12,28.3,113.8,0.44,4,6.13,6.81,62,1.88,31.8,12.1,2.21
Atlanta Falcons,2015,21.6,347.6,62.3,5.6,1.44,0.5,20.9,23.1,35.1,242.6,1.19,0.94,6.7,12.3,26,105,1.25,4,6.69,5.94,45.5,1.94,34.3,13.4,-1.75
Buffalo Bills,2015,22.4,356.4,63.6,5.6,1.56,0.5,20.1,21.7,37.6,248.3,1.88,1.06,6.4,12.4,24.6,108.1,0.63,4.4,5.44,7.06,56.6,2.31,32.5,11,-2.05
Dallas Cowboys,2015,23.4,347.9,62.3,5.6,0.69,0.19,19.8,20.6,31.6,227.3,1.19,0.5,6.8,10.8,28.8,120.7,1,4.2,7.06,7.06,56.3,2,36.7,5.6,-3.3
Washington Commanders,2015,23.7,380.6,63.1,6,1.69,1,20.6,22.1,35.4,258,1.88,0.69,6.8,12.6,25.4,122.6,0.63,4.8,6.44,7,59.7,1.5,35.4,14.9,-3.46
San Francisco 49ers,2015,24.2,387.4,67.6,5.7,0.75,0.19,22.3,23.4,34.3,261.2,1.31,0.56,7.2,12.4,31.5,126.3,1.25,4,8,7,57.5,1.81,37.9,6.6,-5.31
Miami Dolphins,2015,24.3,376.2,67.3,5.6,1,0.19,21.9,21.9,33.9,250,1.94,0.81,7,12.7,31.4,126.2,0.81,4,7,7.56,62.8,2.25,34,8.4,-6.57
Chicago Bears,2015,24.8,345.4,61.3,5.6,1.06,0.56,19.2,20.1,32.1,224.6,1.94,0.5,6.6,11.4,27.1,120.9,0.56,4.5,6.44,6.13,55.9,1.38,36.6,8,-4.42
Los Angeles Chargers,2015,24.9,361.9,59.9,6,1.25,0.56,18.7,20.5,31.9,236.6,1.38,0.69,7,10.6,26.1,125.3,1.06,4.8,6.31,7.5,61,1.75,37.8,10,-5.07
Las Vegas Raiders,2015,24.9,363.6,67.8,5.4,1.56,0.69,21.5,25.3,40.1,258.8,1.56,0.88,6.1,12.9,25.4,104.9,0.75,4.1,5.88,6.5,58.9,2.75,38.2,11.5,-2.43
Detroit Lions,2015,25,349.8,62.4,5.6,1.19,0.63,19.9,22.5,33,236.8,1.69,0.56,6.6,11.9,26.8,113,1.13,4.2,6,6,49.1,2,38.2,9.1,-4.57
Baltimore Ravens,2015,25.1,337.4,62.5,5.4,0.88,0.5,19.4,21.9,34.1,233.6,1.88,0.38,6.4,11.8,26.1,103.8,0.63,4,5,6.44,46.8,2.63,37.4,7,-4.45
Indianapolis Colts,2015,25.5,379.1,67,5.7,1.56,0.5,20.7,22.1,36.6,257.1,1.81,1.06,6.6,13.1,28.3,122,0.88,4.3,5.56,8.31,73,2,36.6,12.4,-1.68
Tampa Bay Buccaneers,2015,26.1,340.4,65.3,5.2,1.44,0.75,21.9,23.6,33.8,240,1.94,0.69,6.6,13,29.1,100.4,0.75,3.4,6.5,6.5,53.9,2.44,41.7,12.8,-4.99
Tennessee Titans,2015,26.4,342.2,62.8,5.5,1.19,0.5,19.8,19.9,31.4,229.9,2.13,0.69,6.8,12,28.9,112.3,0.69,3.9,6.31,7,61.4,1.5,36.6,8.1,-3.43
Philadelphia Eagles,2015,26.9,401.6,71.8,5.6,1.63,0.69,22.8,24.6,39.6,267.1,2.25,0.94,6.4,14.9,29.9,134.6,0.63,4.5,6.25,7.69,65.6,1.63,36,11.8,-4.67
Cleveland Browns,2015,27,379.2,62.4,6.1,1.31,0.63,20.1,20.1,31.9,250.8,2.13,0.69,7.4,11.6,28.6,128.4,0.69,4.5,6.5,6.75,52.1,1.94,41.9,11.7,-6
New York Giants,2015,27.6,420.3,69.1,6.1,1.75,0.81,22.9,26.4,39.9,298.9,1.94,0.94,7.2,14.8,27.8,121.4,0.94,4.4,6.5,7.5,67.3,1.69,40.5,14.2,-6.46
Jacksonville Jaguars,2015,28,375,68.9,5.4,1.13,0.56,22.6,24.4,37.6,268.2,1.81,0.56,6.7,13.9,29,106.8,0.94,3.7,6.38,7.13,61.8,2.38,38.1,8.8,-4.73
New Orleans Saints,2015,29.8,413.4,62.3,6.6,1.38,0.81,23.8,23.3,34,284,2.81,0.56,7.9,13.9,26.4,129.4,0.75,4.9,6.44,7.13,55.4,3.38,43.9,11.7,-11.26
Seattle Seahawks,2014,15.9,267.1,57.8,4.6,1.5,0.69,17.3,19.6,31.7,185.6,1.06,0.81,5.5,10.9,23.8,81.5,0.5,3.4,4.38,4.38,38.3,2,26.9,12.3,2.56
Kansas City Chiefs,2014,17.6,330.5,64,5.2,0.88,0.5,19.4,19.9,34.1,203.3,1.38,0.38,5.5,11.5,27.1,127.3,0.25,4.7,6.75,6.69,53.2,1.13,32.6,6.7,-1.02
Detroit Lions,2014,17.6,300.9,61.5,4.9,1.69,0.44,19.4,23.9,37,231.6,1.44,1.25,5.8,13.1,21.9,69.3,0.5,3.2,3.69,6.19,53.1,2.63,26.9,14.3,3.37
Buffalo Bills,2014,18.1,312.2,64.2,4.9,1.88,0.69,18.9,21.1,34.9,205.8,1,1.19,5.4,10.7,25.9,106.4,0.63,4.1,5.56,6.5,53.1,2.63,28.3,14.1,2.71
Arizona Cardinals,2014,18.7,368.2,63.1,5.8,1.56,0.44,18.8,22.8,36.2,259.5,1.38,1.13,6.8,12.2,24.8,108.7,0.56,4.4,4.81,8.13,74.5,1.75,29.8,12.8,-0.61
Baltimore Ravens,2014,18.9,336.9,64.6,5.2,1.38,0.69,19.4,23.9,37.2,248.7,1.38,0.69,6.2,12.8,24.4,88.3,0.5,3.6,4.69,6.88,62.9,1.94,33.3,11.7,-1.18
Houston Texans,2014,19.2,348.2,67.3,5.2,2.13,0.88,20.6,22.7,38.7,243.1,1.75,1.25,5.9,12.9,26.3,105.1,0.38,4,5.56,6.19,49.1,2.13,26.6,16.1,4.74
New England Patriots,2014,19.6,344.1,64.6,5.3,1.56,0.56,20.6,21.4,35.9,239.8,1.5,1,6.2,12.3,26.2,104.3,0.38,4,5.5,5.75,47,2.81,32.4,13.2,-3.22
Cleveland Browns,2014,21.1,366.1,69.9,5.2,1.81,0.5,21.8,20.9,36.7,224.5,1.38,1.31,5.8,11.5,31.3,141.6,0.81,4.5,7.88,6.13,48.1,2.38,32.3,13.6,-0.73
San Francisco 49ers,2014,21.3,321.4,61.8,5.2,1.81,0.38,19.3,20.3,34.4,220.7,1.81,1.44,6,11.8,25.1,100.8,0.44,4,5.19,7.63,56.8,2.31,32,16.6,-0.69
Minnesota Vikings,2014,21.4,344.7,64.1,5.4,1.19,0.38,20.1,22.1,33.4,223.3,1.63,0.81,6.2,11.8,28.1,121.4,0.63,4.3,6.25,7,58.6,2,34.1,10.1,-2.48
Cincinnati Bengals,2014,21.5,359.3,66.7,5.4,1.63,0.38,21.1,22.8,38,243,1.13,1.25,6.2,12.3,27.4,116.3,1,4.2,6.56,6.56,54.8,2.19,32.6,13.6,-2.44
Los Angeles Chargers,2014,21.8,338.3,61.8,5.5,1.13,0.69,19.2,20,32.8,214.2,1.5,0.44,6.2,10.5,27.4,124.1,0.69,4.5,6.13,8.06,66.7,2.56,35.8,9.5,-3.27
Green Bay Packers,2014,21.8,346.4,65.9,5.3,1.69,0.56,21.2,20.8,35.3,226.4,1.63,1.13,6,12.3,28.1,119.9,0.69,4.3,7.25,6.5,59.1,1.69,33.1,14.9,-2.12
Dallas Cowboys,2014,22,355.1,61.1,5.8,1.94,0.81,19.7,23.2,34.9,251.9,1.38,1.13,6.9,12.2,24.5,103.1,1.13,4.2,5.38,6.5,53.8,2.13,31.3,16.8,-4.37
Denver Broncos,2014,22.1,305.2,64.4,4.7,1.56,0.44,19.4,24.9,40.1,225.4,1.81,1.13,5.3,13.7,21.8,79.8,0.56,3.7,3.75,6.44,51,2,31.3,11.8,0.33
Los Angeles Rams,2014,22.1,351.6,62.8,5.6,1.56,0.75,18.8,23,33.8,241.3,1.13,0.81,6.7,11.8,26.6,110.3,0.75,4.2,5.19,6.56,55.1,1.81,30.2,13.2,0.22
Pittsburgh Steelers,2014,23,353.4,59,6,1.31,0.63,19.6,21.9,33.9,253.1,1.88,0.69,7,12.1,23,100.3,0.56,4.4,5.5,6.06,52.2,2.06,39.7,11.5,-4.62
Indianapolis Colts,2014,23.1,342.7,62.9,5.4,1.63,0.88,19.3,20,33.9,229.3,1.69,0.75,6.3,10.9,26.4,113.4,0.88,4.3,6.44,6.31,54.1,1.94,28.1,12.6,-0.75
Miami Dolphins,2014,23.3,343.4,64.3,5.3,1.56,0.69,19.3,21.1,33.6,222.3,1.69,0.88,6.2,12.1,28.3,121.1,0.81,4.3,6.19,6.56,57.5,1,36.7,13.3,-1.78
Carolina Panthers,2014,23.4,339.8,62.4,5.4,1.63,0.75,19.3,22.8,35.1,227.8,1.56,0.88,6.1,12.1,24.8,112,0.88,4.5,5.69,6.06,47.5,1.56,34.1,14,-2.4
Philadelphia Eagles,2014,25,375.6,69.6,5.4,1.75,1,21.1,21.6,36.9,264.9,1.88,0.75,6.6,13.2,29.6,110.7,0.88,3.7,5.5,7.56,68.1,2.44,31.1,12.7,-1.97
New York Giants,2014,25,375.8,62.9,6,1.63,0.56,20.4,20.3,32.6,240.6,1.56,1.06,6.8,11.7,27.4,135.1,0.94,4.9,7,6.56,59.3,1.69,35.4,12.8,-3.68
New York Jets,2014,25.1,327.2,61,5.4,0.81,0.44,18.8,21.6,33.6,234.1,1.94,0.38,6.4,12.1,24.6,93.1,0.63,3.8,4.63,5.69,48.8,2,37.2,5.5,-4.4
Tampa Bay Buccaneers,2014,25.6,368.9,66.7,5.5,1.56,0.69,22.1,24.2,35.2,255.3,1.75,0.88,6.8,13.9,29.3,113.7,0.94,3.9,6.44,6.63,58.4,1.69,38.9,13,-5.27
Jacksonville Jaguars,2014,25.8,370.8,67.8,5.5,1.25,0.88,20.6,22.2,33.8,243.7,1.5,0.38,6.7,12.5,31.2,127.1,0.94,4.1,6.69,7.19,55.4,1.44,36.3,9.8,-2.93
Atlanta Falcons,2014,26.1,398.3,64.9,6.1,1.75,0.75,22.4,22.4,35.4,279.9,1.25,1,7.6,14,28.1,118.4,1.31,4.2,6.75,5.69,46.5,1.63,42.6,14.2,-8.06
New Orleans Saints,2014,26.5,384,63.9,6,1.06,0.31,21.6,21.3,34.1,251.2,1.63,0.75,6.9,12.8,27.6,132.8,1.06,4.8,6.94,6.56,55.6,1.81,43.3,9.9,-8.02
Washington Commanders,2014,27.4,357,61,5.9,1.19,0.75,19.2,21.6,32.4,249.4,2.19,0.44,7.2,12.2,26.3,107.6,0.69,4.1,4.81,9,72.8,2.19,37.4,8.8,-7.61
Tennessee Titans,2014,27.4,373,68.7,5.4,1,0.25,22.3,21.7,34.1,235.8,1.75,0.75,6.5,13.2,32.2,137.2,1.06,4.3,7.44,5.81,45.7,1.69,40.8,8.4,-6.95
Chicago Bears,2014,27.6,377.1,63,6,1.5,0.63,20.3,22.9,34.3,264.4,2.13,0.88,7.2,14.2,26.3,112.7,0.75,4.3,4.88,6.63,61.1,1.25,44.6,12.4,-6.39
Las Vegas Raiders,2014,28.3,357.6,65.1,5.5,0.88,0.31,20,21.4,33.6,238.1,1.81,0.56,6.8,11.9,30.1,119.4,1.06,4,5.94,7.25,58.8,2.19,39.6,6.6,-3.61
Seattle Seahawks,2013,14.4,273.6,61.9,4.4,2.44,0.69,17.6,19.3,32.8,172,1,1.75,4.8,9.75,26.4,101.6,0.25,3.9,5.19,6.13,54.9,2.69,24.7,19.4,8.09
Carolina Panthers,2013,15.1,301.3,60.9,4.9,1.88,0.63,17.4,23.4,35.2,214.3,1.06,1.25,5.5,11.1,22,86.9,0.25,4,4.38,5.25,47.1,1.88,28.7,16.3,3.84
San Francisco 49ers,2013,17,316.9,63.8,5,1.88,0.75,17.8,21.6,36.6,221,1.19,1.13,5.7,11.3,24.8,95.9,0.69,3.9,4.81,6,54.9,1.63,26.2,13.1,4.2
New Orleans Saints,2013,19,305.7,58.9,5.2,1.19,0.44,17.1,19,31.7,194.1,1.25,0.75,5.6,10.5,24.2,111.6,0.69,4.6,5.13,5.69,46.9,1.5,30.4,10.5,-0.95
Cincinnati Bengals,2013,19.1,305.5,65.1,4.7,1.94,0.69,17.6,22.6,38.4,209,1.38,1.25,5.1,11.1,24.1,96.5,0.38,4,4.5,4.31,43.3,2,27.4,15.2,5.81
Kansas City Chiefs,2013,19.1,367.8,66.7,5.5,2.25,0.94,18.9,20.9,37,247.6,1.56,1.31,6.2,11.8,26.8,120.2,0.56,4.5,5.5,7,53.3,1.63,27.5,15.7,1.65
Arizona Cardinals,2013,20.3,317.4,65.1,4.9,1.88,0.63,19.3,22.9,39.1,233,1.81,1.25,5.5,13,23.1,84.4,0.31,3.7,4.25,6.94,60,2.06,28.9,13.7,4.05
Miami Dolphins,2013,20.9,359.4,69.1,5.2,1.5,0.38,20.4,21.5,36.3,234.5,1.06,1.13,6,12,30.3,124.9,0.88,4.1,7.13,5.94,46.8,1.31,33.5,11.9,-1.32
Indianapolis Colts,2013,21,357.1,64.1,5.6,1.69,0.75,19.9,20.3,33.5,231.9,1.31,0.94,6.4,11.9,28,125.1,0.88,4.5,6.31,7,61.9,1.69,31.7,13.7,-5.16
New England Patriots,2013,21.1,373.1,69.9,5.3,1.81,0.75,21.1,21,36.8,239,1.56,1.06,6,13,30.1,134.1,0.69,4.5,6.88,6.88,59.4,1.25,29.6,13.3,-2.67
Los Angeles Chargers,2013,21.8,366.5,59.9,6.1,1.06,0.38,20.4,22.8,34.3,258.7,1.44,0.69,7.1,13,23.5,107.8,0.88,4.6,6.13,6.25,53.1,1.31,36.1,9.6,-7.51
Baltimore Ravens,2013,22,335.5,64.5,5.2,1.5,0.5,17.8,19.6,34.5,230.1,1.56,1,6.2,11,27.5,105.4,0.44,3.8,4.94,7.88,74.8,1.81,31.4,10.3,1.36
Los Angeles Rams,2013,22.8,345,63.4,5.4,1.81,0.94,21.1,22.2,32.6,242.1,1.31,0.88,6.7,12.7,27.5,102.9,1.13,3.7,5.44,6.56,61.1,2.94,31,14.7,-2.03
Pittsburgh Steelers,2013,23.1,337.2,64.8,5.2,1.25,0.63,18.9,20.6,35.6,221.6,1.31,0.63,5.9,10.9,27.1,115.6,1.13,4.3,6.63,5.75,50,1.44,35.3,10.5,0.69
Detroit Lions,2013,23.5,346.6,61.4,5.6,1.38,0.44,18.1,21.1,35.8,246.9,1.5,0.94,6.5,12.3,23.6,99.8,0.63,4.2,3.88,5.44,42.6,1.94,35.7,11.1,-1.56
Tennessee Titans,2013,23.8,337.9,64.2,5.3,1.56,0.75,20.6,21.5,34.1,225.8,0.94,0.81,6.2,11.9,27.9,112.2,1.31,4,6.75,5.94,48.7,1.88,35.8,13.2,-1.6
Philadelphia Eagles,2013,23.9,394,71.9,5.5,1.94,0.75,23,25.5,41.9,289.8,1.56,1.19,6.6,14.9,27.7,104.3,0.75,3.8,6.25,6.63,53.4,1.81,32.7,15.3,-2.22
New York Giants,2013,23.9,332.3,68.1,4.9,1.81,0.75,20.4,22.6,37.6,223.3,1.31,1.06,5.6,12.4,28.4,108.9,0.75,3.8,6.31,6.56,56.5,1.75,31,13,3.75
New York Jets,2013,24.2,334.9,65.5,5.1,0.94,0.13,18.3,21.6,36.6,246.7,1.63,0.81,6.3,12.4,26.3,88.3,0.56,3.4,4.25,5.75,52.1,1.69,35.4,7.3,-0.95
Buffalo Bills,2013,24.3,333.4,68.1,4.9,1.88,0.44,19.3,19.4,35.1,204.4,1.75,1.44,5.3,10.6,29.4,128.9,0.63,4.4,6.13,6.75,58.2,2.5,32.2,14,2.7
Tampa Bay Buccaneers,2013,24.3,348,63.8,5.5,1.94,0.63,20.3,22,34.2,237.9,1.88,1.31,6.5,11.9,27.4,110.1,0.63,4,5.94,6.56,63.3,2.44,38,15,-2.48
Denver Broncos,2013,24.9,356,67.1,5.3,1.63,0.56,21.2,22.3,38.3,254.4,1.81,1.06,6.2,13,26.3,101.6,0.94,3.9,5.63,6.06,50.4,2.56,32.5,12.6,-3.4
Cleveland Browns,2013,25.4,332.4,69.2,4.8,1.31,0.44,20.5,22.7,37.8,221.1,1.81,0.88,5.5,12.3,28.9,111.3,0.81,3.9,6.44,5.94,46.6,1.75,34,9.9,-0.95
Houston Texans,2013,26.8,317.6,60.6,5.2,0.69,0.25,17.6,17.9,30.3,195.2,1.81,0.44,6.1,9.88,28.4,122.4,0.69,4.3,5.5,6.38,50.6,2.25,36.1,5.7,-3.58
Green Bay Packers,2013,26.8,372.3,63.4,5.9,1.38,0.69,20.6,20.8,33.7,247.3,1.88,0.69,6.8,11.9,27,125,1,4.6,7.25,6.19,55.2,1.5,38.9,12.2,-7.3
Dallas Cowboys,2013,27,415.3,68.4,6.1,1.75,0.81,24.3,25.2,38.9,286.8,2.06,0.94,7,14.4,27.3,128.5,1.06,4.7,7.63,7,54.7,2.19,39.7,13.8,-6.05
Atlanta Falcons,2013,27.7,379.4,62.7,6.1,1.31,0.69,20.4,21.3,32.3,243.6,1.94,0.63,7.1,12.3,28.4,135.8,0.88,4.8,6.38,6.5,55.3,1.75,45.1,11.4,-7.85
Jacksonville Jaguars,2013,28.1,379.4,68.1,5.6,1.31,0.63,22.1,22.1,34.4,247.6,1.81,0.69,6.8,12.5,31.7,131.8,1.25,4.2,7.56,5.44,45.6,2,38.1,10.7,-5.33
Las Vegas Raiders,2013,28.3,363.7,64.3,5.7,1.38,0.81,20.6,23.4,34.3,255.8,2.06,0.56,7,12.6,27.6,107.9,0.94,3.9,6.25,5.44,42.9,1.75,38.6,9.5,-6.56
Washington Commanders,2013,29.9,354.1,62.1,5.7,1.63,0.63,20.6,21.1,32.1,243.5,1.81,1,7.1,12.8,27.7,110.6,1.44,4,6.38,5.19,43.6,1.44,36.7,13.1,-3.61
Chicago Bears,2013,29.9,394.6,63.8,6.2,1.75,0.56,22.1,19.7,31.7,233.1,1.56,1.19,6.9,11.5,30.2,161.4,1.38,5.3,9.19,4.31,40.4,1.38,42.7,15.2,-7.38
Minnesota Vikings,2013,30,397.6,70.8,5.6,1.25,0.5,23,26.2,40.5,287.2,2.31,0.75,6.7,15.4,27.7,110.4,0.88,4,6.31,6.25,62.7,1.25,39.6,9.1,-7.67
Seattle Seahawks,2012,15.3,306.2,60.5,5.1,1.94,0.81,18.4,20.4,35.3,203.1,0.94,1.13,5.4,11.6,23,103.1,0.5,4.5,5,6.38,56.4,1.81,27.2,16,8.36
San Francisco 49ers,2012,17.1,294.4,63.3,4.7,1.56,0.69,17.8,21.1,35.4,200.2,1.19,0.88,5.3,11.1,25.4,94.2,0.44,3.7,4.5,5.81,47.4,2.13,26.7,12.8,7.18
Chicago Bears,2012,17.3,315.6,63.8,4.9,2.75,1.25,17.9,21.9,37,213.9,1.19,1.5,5.4,11.6,24.3,101.7,0.38,4.2,4.69,4.88,44,1.56,25.1,20.5,12.9
Denver Broncos,2012,18.1,290.8,63.4,4.6,1.5,0.5,17.9,20.1,34.9,199.6,1.56,1,5.2,11.4,25.3,91.1,0.31,3.6,4.56,7.69,59.4,1.94,26.9,11.9,8.78
Atlanta Falcons,2012,18.7,365.6,61.9,5.9,1.94,0.69,18.6,21.1,34.4,242.4,0.88,1.25,6.7,11.8,25.7,123.2,1,4.8,6.19,5.19,40.1,0.63,31.7,17.2,2.55
Pittsburgh Steelers,2012,19.6,275.8,59.4,4.6,1.25,0.63,17.1,18.7,32.7,185.2,1.19,0.63,5.3,10.6,24.4,90.6,0.56,3.7,4.88,6.25,55.1,1.63,30.8,10.4,3.93
Miami Dolphins,2012,19.8,356.8,67.1,5.3,1,0.38,20,22.1,37.5,248.4,1.13,0.63,6.2,13.4,26.9,108.4,0.63,4,4.94,7.56,65.3,1.63,32.2,8.2,8.43
Cincinnati Bengals,2012,20,319.7,64.6,4.9,1.88,1,19.2,21.6,35,212.5,1,0.88,5.6,11.4,26.4,107.2,0.81,4.1,6.19,5.63,48.7,1.56,29.3,14.1,12
Houston Texans,2012,20.7,323.3,63.4,5.1,1.81,0.88,18.3,19.3,36.3,225.8,1.81,0.94,5.8,10.4,24.4,97.5,0.31,4,5.88,5.63,53.9,1.94,28,14.5,7.78
New England Patriots,2012,20.7,373.3,65.4,5.7,2.56,1.31,21.3,23.1,37.1,271.4,1.69,1.25,6.9,12.9,25.9,101.9,0.63,3.9,6.25,6.31,58.3,2.06,30.1,20.4,5.2
Green Bay Packers,2012,21,336.8,64.6,5.2,1.44,0.31,19.3,19.6,35.5,218.3,1.5,1.13,5.7,11.9,26.1,118.5,0.75,4.5,5.19,7.69,65.9,2.13,33.2,11.8,5.08
Baltimore Ravens,2012,21.5,350.9,67.9,5.2,1.56,0.75,20.4,20.9,34.8,228.1,0.94,0.81,6.1,11.7,30.8,122.8,0.94,4,6.56,6.69,58.1,2.13,34.9,12,8.26
New York Giants,2012,21.5,383.4,63.5,6,2.19,0.88,19.8,21.3,33.4,254.3,1.63,1.31,7.2,12.3,28.1,129.1,0.56,4.6,6.5,6.38,56.3,1.06,35.4,17.1,4.05
Minnesota Vikings,2012,21.8,350,67.7,5.2,1.38,0.75,21.6,24.4,38.3,244.3,1.75,0.63,6,14.3,26.7,105.8,0.63,4,5.13,6.94,59.3,2.13,33.7,11.8,3.51
Los Angeles Rams,2012,21.8,342.6,65.1,5.3,1.31,0.25,20.4,22.6,34.2,225.1,1,1.06,6,12.3,27.6,117.5,1.13,4.3,6.69,5.63,47.4,1.44,34.6,10.8,5.35
Los Angeles Chargers,2012,21.9,326.4,63.3,5.2,1.75,0.88,19.8,21.7,35.5,230.1,1.75,0.88,6.1,12.6,25.4,96.4,0.63,3.8,5.31,6.38,49.9,1.88,31.3,13.7,6.66
Arizona Cardinals,2012,22.3,337.8,65.1,5.2,2.06,0.69,18,16.9,31.1,200.8,1.25,1.38,6,10,31.6,137,0.75,4.3,6.69,6.25,50.6,1.31,27,14.2,10.6
Carolina Panthers,2012,22.7,333.1,63.1,5.3,1.44,0.75,20.4,23.2,34.7,223,1.38,0.69,6,12.3,26,110.1,0.69,4.2,6.13,5.38,44.4,2,38.6,11.9,2.56
Cleveland Browns,2012,23,363.8,68.4,5.3,1.81,0.75,21.6,23.6,37.5,245.2,1.69,1.06,6.1,12.7,28.6,118.6,0.88,4.2,6.5,7.5,63,2.38,30.7,14.6,5.24
New York Jets,2012,23.4,323.4,63.7,5.1,1.44,0.75,18.3,16.6,30.9,189.8,1.25,0.69,5.8,10.1,30.9,133.6,1.06,4.3,6,6.81,50.3,2.25,30.6,11.4,5.25
Indianapolis Colts,2012,24.2,374.3,62.2,6,0.94,0.19,20.3,20.9,33.4,236.8,1.44,0.75,6.7,11.9,26.8,137.5,0.88,5.1,6.38,8,75.5,2.06,38.3,8.3,-2.55
Washington Commanders,2012,24.3,377.7,64.4,5.9,1.94,0.63,21.3,24.6,39.8,281.9,1.94,1.31,6.8,13.9,22.7,95.8,0.69,4.2,5.56,6.25,50.7,1.75,38.3,16.9,4.19
Tampa Bay Buccaneers,2012,24.6,379.9,64.4,5.9,1.63,0.5,20.6,25.6,39.2,297.4,1.88,1.13,7.3,14.1,23.6,82.5,0.81,3.5,4.69,6.44,53.2,1.75,32.8,12.5,1.18
Dallas Cowboys,2012,25,355.4,61.6,5.8,1,0.56,19.8,20,31.9,230.3,1.38,0.44,6.8,12.2,27.6,125.2,1.06,4.5,5.75,5.56,45.4,1.88,38.9,8,2.6
Kansas City Chiefs,2012,26.6,356.5,60.8,5.9,0.81,0.38,18.8,17.4,29,220.8,1.81,0.44,7.2,11,30.1,135.7,0.69,4.5,6.63,5.06,41.9,1.19,40.4,6.2,-1.05
Buffalo Bills,2012,27.2,362.9,65.1,5.6,1.31,0.56,21.8,19.1,33.5,217.1,1.56,0.75,6.1,11.4,29.4,145.8,1.44,5,8.5,5,43.3,1.94,37.1,10.8,-1.7
Detroit Lions,2012,27.3,341.1,62.4,5.5,1.06,0.38,19.1,21.6,34,223.1,1.63,0.69,6.2,10.4,26.3,118.1,0.81,4.5,6.69,5.81,49.3,1.94,36.8,8.4,2.16
Las Vegas Raiders,2012,27.7,354.5,62.2,5.7,1.19,0.5,19,21.7,32.9,235.9,1.75,0.69,6.9,11.3,27.8,118.6,1.13,4.3,5.94,6.31,57.8,1.81,41.2,9.1,0.41
Philadelphia Eagles,2012,27.8,343.2,62.1,5.5,0.81,0.31,19.8,18.3,30.3,216.9,2.06,0.5,6.7,11.1,29.9,126.3,0.69,4.2,6.75,7.38,62.3,1.94,39,6.6,0.41
Jacksonville Jaguars,2012,27.8,380.5,68.8,5.5,1.44,0.69,22.8,21.3,33.4,239.5,1.31,0.75,6.9,12.1,34.1,141,1.19,4.1,8.31,6.31,51.3,2.31,39.8,11,-1.16
New Orleans Saints,2012,28.4,440.1,68.1,6.5,1.63,0.69,23.8,23.1,37.6,292.6,1.94,0.94,7.4,14.8,28.6,147.6,1.13,5.2,7.25,6.38,52.2,1.75,39.6,13,-1.51
Tennessee Titans,2012,29.4,374.9,67.9,5.5,1.5,0.31,22.4,23.4,35.3,247.8,1.94,1.19,6.6,13.1,30.2,127.2,1,4.2,7.63,5.38,44.8,1.63,39.8,12.6,1.39
Pittsburgh Steelers,2011,14.2,271.8,60.3,4.5,0.94,0.25,16.5,18.1,33.1,171.9,0.94,0.69,4.9,9.75,24.9,99.8,0.44,4,5.13,6,48.6,1.63,26,8.3,4.51
San Francisco 49ers,2011,14.3,308.2,60.9,5.1,2.38,0.94,16.7,20.8,36.2,230.9,1.25,1.44,6,11.9,22.1,77.3,0.19,3.5,3.31,6.13,54.2,1.5,23.3,18.7,10.3
Baltimore Ravens,2011,16.6,288.9,62.6,4.6,1.63,0.69,16.8,18,33.4,196.3,0.69,0.94,5.4,10.4,26.2,92.6,0.63,3.5,4.94,6.44,64.5,1.5,26.6,13.8,15
Houston Texans,2011,17.4,285.7,60,4.8,1.69,0.63,16.9,17.4,33.6,189.7,1.13,1.06,5.2,10.4,23.6,96,0.5,4.1,4.56,5.5,42.9,1.94,29.8,13.8,12.9
Cleveland Browns,2011,19.2,332.4,64.7,5.1,1.25,0.69,18.8,16.6,29.3,184.9,1,0.56,5.9,9.31,33.4,147.4,0.75,4.4,7.75,5.63,45.4,1.75,33.3,11.5,8.89
Miami Dolphins,2011,19.6,345.1,65.2,5.3,1.19,0.19,19.4,21.9,36.9,249.5,1.5,1,6.3,12.4,25.8,95.6,0.5,3.7,5.5,7,60.9,1.5,29.7,8.7,7.11
Seattle Seahawks,2011,19.7,332.2,65.6,5.1,1.94,0.56,19.4,20.3,33.9,219.9,1.13,1.38,6.1,10.9,29.6,112.3,0.63,3.8,6,6,56.7,2.5,28.6,14.8,11.2
Tennessee Titans,2011,19.8,355.1,67.5,5.3,1.44,0.75,20.3,23.1,36.9,226.8,1.31,0.69,5.9,11.7,28.8,128.3,0.63,4.5,6.94,6.19,50.8,1.63,31,12.3,5.99
Cincinnati Bengals,2011,20.2,316.3,63.1,5,1.38,0.75,17.8,19.9,33.7,211.6,1.31,0.63,5.8,10.6,26.6,104.7,0.88,3.9,5.88,6.31,54.9,1.25,28.5,11,7.83
Philadelphia Eagles,2011,20.5,324.9,61.4,5.3,1.5,0.56,18.1,18.8,32.4,212.3,1.69,0.94,6,10.8,25.9,112.6,0.69,4.4,5.25,6.06,50.8,2,27.7,12.3,6.68
Jacksonville Jaguars,2011,20.6,313,61.2,5.1,1.75,0.69,16.8,20.4,32.1,208.8,1.31,1.06,6.1,10.9,27.2,104.2,0.88,3.8,4.56,6.56,55.9,1.25,29.2,13.3,8.55
Kansas City Chiefs,2011,21.1,333.3,61.9,5.4,1.63,0.38,18.2,16.1,28.4,201.3,1.44,1.25,6.7,10.6,31.8,132,0.88,4.2,6,6.75,52.1,1.63,31.9,13.8,6.75
New Orleans Saints,2011,21.2,368.4,63.1,5.8,1,0.44,20.4,22.6,39.1,259.8,1.5,0.56,6.3,12.3,21.9,108.6,0.69,5,5.75,6.81,57,2.38,34.1,8.8,0.85
Chicago Bears,2011,21.3,350.4,65.5,5.4,1.94,0.69,18.2,23.9,39.4,254.1,1.38,1.25,6.1,12.4,24,96.4,0.63,4,4.69,6.13,45,1.06,30.5,14.3,10.2
New England Patriots,2011,21.4,411.1,66.5,6.2,2.13,0.69,23.1,24.1,38.7,293.9,1.63,1.44,7.1,15.3,25.3,117.1,0.81,4.6,6.31,7.19,56.7,1.5,32.6,17.1,5.3
Dallas Cowboys,2011,21.7,343.2,60.8,5.6,1.56,0.63,19.1,21,34.1,244.1,1.5,0.94,6.7,12.4,24.1,99.1,0.63,4.1,4.88,5.31,40.6,1.75,33.3,13.3,5.09
Arizona Cardinals,2011,21.8,355.1,68.4,5.2,1.19,0.56,20.8,21.3,36.1,231,1.06,0.63,6,10.9,29.7,124.1,0.94,4.2,7.38,7.63,59.4,2.56,32.8,9.3,9.88
Atlanta Falcons,2011,21.9,333.6,60.3,5.5,1.81,0.63,18.3,21.3,35,236.6,1.56,1.19,6.4,11.6,23.3,97,0.63,4.2,5.44,6.31,52.7,1.19,32.2,15,3.22
Green Bay Packers,2011,22.4,411.6,65.6,6.3,2.38,0.44,22.4,24.4,39.8,299.8,1.81,1.94,7.2,15.4,23.9,111.8,0.63,4.7,6,7.63,59.3,1,33.9,20.2,3.31
New York Jets,2011,22.7,312.1,62.1,5,1.94,0.75,17,17.2,31.7,201,0.94,1.19,5.9,10.4,28.2,111.1,1.06,3.9,5.19,6.88,60.4,1.38,29.3,13.9,14.5
Washington Commanders,2011,22.9,339.8,61.8,5.5,1.31,0.5,18.4,19.3,31.8,222.1,1.38,0.81,6.5,11.3,27.4,117.8,0.94,4.3,5.94,7.69,62.9,1.25,37.4,10.5,3.13
Los Angeles Chargers,2011,23.6,346.6,59.9,5.8,1.31,0.25,19.4,18.7,29.9,224.4,1.81,1.06,7,11.6,28,122.2,0.5,4.4,6.38,5.75,47.5,1.44,36.5,12.4,3.05
Detroit Lions,2011,24.2,367.6,65.9,5.6,2.13,0.81,20.3,23.5,37.8,239.4,1.63,1.31,5.9,12.2,25.6,128.1,0.63,5,5.69,7.44,61.4,2.44,32.4,16.2,8.13
Denver Broncos,2011,24.4,357.8,66.4,5.4,1.13,0.56,19.7,20.8,33.4,231.5,1.5,0.56,6.4,11.4,30.5,126.3,0.69,4.1,6.31,6.19,52.8,2,33,7.8,4.25
New York Giants,2011,25,376.4,67,5.6,1.94,0.69,21.1,22.6,36.8,255.1,1.75,1.25,6.4,13.1,27.2,121.3,0.94,4.5,6.44,6.88,58.3,1.56,34.7,14.8,3.59
Los Angeles Rams,2011,25.4,358.4,64.6,5.6,1.13,0.38,19.6,18.3,30.3,206.3,1.31,0.75,6.3,10.4,31.9,152.1,1.06,4.8,7.63,6.94,59.4,1.56,35.9,8.9,0.77
Carolina Panthers,2011,26.8,377.6,60.8,6.2,1.5,0.63,20.6,19.9,30.6,246.8,1.75,0.88,7.6,11.9,28.2,130.8,1.13,4.6,6.88,6.13,56.3,1.75,42.7,12.9,-2.86
Indianapolis Colts,2011,26.9,370.9,66.4,5.6,1.06,0.56,21.4,21.9,30.8,227,1.56,0.5,7,12.1,33.8,143.9,1.19,4.3,8.5,5.25,50.3,0.88,39.2,9.1,4.88
Las Vegas Raiders,2011,27.1,387.6,66.9,5.8,1.63,0.5,23.1,20.3,37.6,251.4,1.94,1.13,6.3,12.9,26.9,136.1,0.94,5.1,6.56,7.5,61.4,3.63,35.6,12.8,-3.19
Buffalo Bills,2011,27.1,371.1,62.7,5.9,1.94,0.69,21.3,20.1,31.7,232.1,1.88,1.25,6.9,12.3,29.2,139,1.19,4.8,7.5,5.31,54.4,1.5,37,15.3,0.56
Minnesota Vikings,2011,28.1,358.2,64.2,5.6,1.44,0.94,20.8,22.9,33.6,251.2,2.13,0.5,6.8,13.3,27.4,107,0.63,3.9,5.75,6.06,52.1,1.69,41.1,10.8,2.18
Tampa Bay Buccaneers,2011,30.9,394.4,62.6,6.3,1.5,0.63,22.3,18.8,30.1,238.4,1.88,0.88,7.6,11.8,31.1,156.1,1.63,5,8.44,5.94,49.1,2.06,42.9,13,-2.44
Pittsburgh Steelers,2010,14.5,276.8,60.9,4.5,2.19,0.88,17,22.7,37.1,214.1,0.94,1.31,5.3,11.4,20.8,62.8,0.31,3,3.81,5.38,44.8,1.81,25.7,17.3,13.5
Green Bay Packers,2010,15,309.1,60.6,5.1,2,0.5,16.9,18.5,32.9,194.2,1,1.5,5.4,10.2,24.7,114.9,0.38,4.7,5.13,6.13,47.4,1.56,25.3,16.5,12.5
Baltimore Ravens,2010,16.9,318.9,62.9,5.1,1.69,0.5,17.8,21.8,37.3,224.9,1.38,1.19,5.8,11.7,24,93.9,0.31,3.9,4.94,7.31,61.5,1.13,29.2,13.5,12.3
Chicago Bears,2010,17.9,314.3,62.6,5,2.19,0.88,17.6,22.7,36.4,224.3,0.88,1.31,5.8,11.4,24.1,90.1,0.88,3.7,5.5,5.81,49.4,0.69,25,17.9,10.5
Atlanta Falcons,2010,18,332.4,59.8,5.6,1.94,0.56,17.8,22.8,35,226.6,1.44,1.38,6.1,11.4,22.9,105.9,0.56,4.6,5.44,7.25,62.7,0.88,26.1,16.1,4.85
New York Jets,2010,19,291.5,61.2,4.8,1.88,1.13,17,16.8,33.2,200.6,1.5,0.75,5.6,10.6,25.5,90.9,0.69,3.6,4.38,4.63,42.4,2.06,26.4,13.9,11.4
New Orleans Saints,2010,19.2,306.3,59.3,5.2,1.56,1,17.1,19.1,30.9,193.9,0.81,0.56,5.9,9.38,26.3,112.3,0.81,4.3,5.88,5.5,43.8,1.81,31.8,12.7,8.96
New England Patriots,2010,19.6,366.5,66,5.6,2.38,0.81,21.8,24.3,38.2,258.5,1.56,1.56,6.4,14.1,25.6,108,0.63,4.2,6.19,5.25,42.9,1.44,30.7,21,4.49
Tampa Bay Buccaneers,2010,19.9,332.7,61.9,5.4,1.75,0.56,19.2,19.2,32.6,201,1.44,1.19,5.9,10.7,27.8,131.7,0.75,4.7,7.38,4.94,42.3,1.13,29.4,14.7,6.62
Los Angeles Chargers,2010,20.1,271.6,58.7,4.6,1.44,0.44,15.4,17.8,30.5,177.8,1.13,1,5.3,9.56,25.3,93.8,0.88,3.7,4.81,6.06,48.1,1.06,26.1,12.5,9.87
Kansas City Chiefs,2010,20.4,330.2,64.3,5.1,1.44,0.56,18.3,19.9,36.3,219.9,1.44,0.88,5.7,11.6,25.5,110.3,0.69,4.3,5.5,6.94,57.6,1.19,28.1,10.9,8.27
Los Angeles Rams,2010,20.5,336.8,63.6,5.3,1.63,0.75,19,20.5,35.6,223.6,1.31,0.88,5.8,11.9,25.3,113.1,0.44,4.5,5.5,7.88,63,1.56,33,12.6,6.36
Cleveland Browns,2010,20.8,350.1,65.1,5.4,1.75,0.56,19.8,19.3,31.7,220.7,1.63,1.19,6.6,12.2,31.6,129.4,0.44,4.1,6.38,5.31,46.3,1.25,34.1,15.3,6.88
Miami Dolphins,2010,20.8,309.3,61.8,5,1.19,0.5,16.5,18,31.4,209.3,1.38,0.69,6.2,10.4,27.9,100.1,0.5,3.6,5.25,5.31,45.6,0.88,31.5,9.9,7.98
Tennessee Titans,2010,21.2,367.7,71.2,5.2,1.56,0.5,22.3,25.6,39.1,252,1.44,1.06,6.1,13.4,29.6,115.7,0.44,3.9,6.69,7.13,64.9,2.19,37.7,13.1,5.03
San Francisco 49ers,2010,21.6,327.8,64.6,5.1,1.38,0.44,18.7,22.4,34.4,231.1,1.56,0.94,6.3,11.8,27.9,96.7,0.56,3.5,5.38,6.06,52.4,1.56,31.8,11.3,11.3
New York Giants,2010,21.7,311.9,60.9,5.1,2.44,1.44,16.4,19.3,33.7,210.6,1.5,1,5.8,9.94,24.3,101.3,0.69,4.2,5.5,6.69,56.2,1,28.7,18.3,10.6
Minnesota Vikings,2010,21.8,312.6,61.1,5.1,1.63,0.69,17.3,20.8,33.1,210.4,1.56,0.94,6,11.1,26.1,102.2,0.63,3.9,5.44,6.13,49.1,0.69,28.8,12.5,7.49
Detroit Lions,2010,23.1,343.6,62.8,5.5,1.81,0.94,20,20.6,32.4,218.6,1.44,0.88,6.2,11.7,27.7,124.9,1.13,4.5,6.13,6.63,53.4,2.19,31.3,13.5,3.96
Las Vegas Raiders,2010,23.2,322.8,61.9,5.2,1.5,0.75,18.3,15.6,29.4,189.2,1.81,0.75,5.9,9.38,29.6,133.6,0.88,4.5,6.13,7.31,72.6,2.75,31.2,9.3,5.49
Philadelphia Eagles,2010,23.6,327.2,62.4,5.2,2.13,0.69,19.3,19.3,33.5,216.8,1.94,1.44,6,11.6,26.4,110.4,0.75,4.2,5.69,5.44,45.3,2.06,31.4,17,3.02
Washington Commanders,2010,23.6,389.3,65.7,5.9,1.69,0.81,20.4,22.9,36.1,261.7,1.44,0.88,6.9,12.9,27.8,127.6,0.94,4.6,6.63,6.5,52.4,0.81,32.5,12.3,6.59
Indianapolis Colts,2010,24.3,341.6,63.1,5.4,1.31,0.69,19.6,22.3,33.4,214.6,1.38,0.63,6.1,11.9,27.8,127,0.88,4.6,6.94,5.94,50.8,0.81,37,10.5,4.71
Cincinnati Bengals,2010,24.7,332,59.8,5.6,1.63,0.63,18.1,20.4,32.1,216.8,1.31,1,6.4,10.6,26,115.2,0.94,4.4,6.06,5.94,48.5,1.44,35.2,13.2,4.16
Seattle Seahawks,2010,25.4,368.6,67.1,5.5,1.38,0.63,19.6,21.2,36.6,249.6,1.94,0.75,6.4,12.9,28.3,118.9,0.81,4.2,5.69,5.69,44.1,1,35.9,9.9,3.76
Carolina Panthers,2010,25.5,335.9,66.3,5.1,1.81,0.75,20.5,20.4,32.9,212.1,1.19,1.06,6.1,11,31.4,123.8,1.25,3.9,7.56,5.63,47.8,1.94,35.2,14.3,6.02
Jacksonville Jaguars,2010,26.2,371.8,59.3,6.3,1.13,0.31,19.8,20.6,31.6,250.3,1.75,0.81,7.5,12.3,26,121.6,1.19,4.7,6.13,5.31,46.8,1.31,40.2,9.8,-1.19
Buffalo Bills,2010,26.6,361.6,66.9,5.4,1.38,0.69,20.9,18.4,29.6,192,1.75,0.69,6.1,11.2,35.7,169.6,1.13,4.8,8.63,5.31,39.6,1.13,39.3,10.5,4.71
Houston Texans,2010,26.7,376.9,63.1,6,1.13,0.31,22,22.1,34.2,267.5,2.06,0.81,7.4,13.2,27.1,109.4,1,4,7.06,6.56,53.2,1.75,40.2,10.3,-2.02
Arizona Cardinals,2010,27.1,373.6,68.3,5.5,1.88,0.81,21.2,20.3,33.3,228.4,1.38,1.06,6.5,11.1,32.9,145.2,1.19,4.4,7.69,6.75,55.9,2.38,39.7,13.2,6.85
Dallas Cowboys,2010,27.3,351.8,61.1,5.8,1.88,0.63,19.3,21.8,33.8,243.4,2.06,1.25,6.8,12.5,25.1,108.4,0.69,4.3,5.25,4.94,40.1,1.56,36.7,15.4,0.69
Denver Broncos,2010,29.4,390.8,66,5.9,1.13,0.5,20.9,18.6,31.4,236.3,1.63,0.63,7.2,11.5,33.2,154.6,1.63,4.7,7.88,6.13,57.6,1.5,40.7,8,-3.05
New York Jets,2009,14.8,252.3,59.6,4.2,1.94,0.88,14.8,16.2,31.3,153.7,0.5,1.06,4.6,8,26.3,98.6,0.69,3.8,5.44,5.44,42.5,1.38,20.3,14.4,16.4
Dallas Cowboys,2009,15.6,315.9,61.2,5.2,1.31,0.63,17.9,21.5,35.8,225.4,1.19,0.69,5.9,11.6,22.8,90.5,0.44,4,4.63,5.81,48,1.63,24.3,11.6,6.65
Baltimore Ravens,2009,16.3,300.5,61.9,4.9,2,0.63,17.5,19.1,32.8,207.3,1.06,1.38,6,10.3,27.2,93.3,0.5,3.4,5.13,5.5,46.3,2.13,26.3,16.7,13.1
San Francisco 49ers,2009,17.6,326.4,65.6,5,2.06,0.94,17.4,22,36.3,229.4,0.88,1.13,5.9,11,26.6,97,0.75,3.6,4.81,7.13,60.6,1.56,26.7,15.5,14.2
New England Patriots,2009,17.8,320.2,58.8,5.4,1.75,0.63,18.1,18.8,32,209.7,1.56,1.13,6.2,12.1,24.9,110.5,0.38,4.4,5,5.69,48.8,1,25.1,14,5.3
Cincinnati Bengals,2009,18.2,301.4,61.3,4.9,1.56,0.38,17.3,19.9,34.2,203.1,1.13,1.19,5.6,10.3,24.9,98.3,0.75,3.9,5.94,6.19,47.9,1,28.6,13.5,8.92
Green Bay Packers,2009,18.6,284.4,59.3,4.8,2.5,0.63,17,18.4,33.8,201.1,1.81,1.88,5.6,10.5,23.2,83.3,0.31,3.6,4.25,6.69,57.1,2.25,25.3,21,10.3
Indianapolis Colts,2009,19.2,339.2,67.8,5,1.63,0.63,20,23.3,36.4,212.7,1.19,1,5.5,12.7,29.2,126.5,0.63,4.3,6.63,5.75,55.6,0.69,33,14,7.92
Carolina Panthers,2009,19.3,315.8,61,5.2,2.31,0.94,18.1,19.1,30.9,191,0.88,1.38,5.8,9.69,28.1,124.8,0.94,4.4,6.81,5.13,39.5,1.63,26.5,19.3,10.1
Minnesota Vikings,2009,19.5,305.5,58.8,5.2,1.5,0.81,16.9,21.3,33.4,218.4,1.63,0.69,6,11.4,22.3,87.1,0.31,3.9,3.94,6.81,56.4,1.56,28.2,11.7,8.15
Los Angeles Chargers,2009,20,327,61.9,5.3,1.56,0.69,19.3,20.4,33.4,209.3,1.44,0.88,5.9,11.1,26.4,117.8,0.63,4.5,7,6.44,49.7,1.25,34.5,14.3,6.43
Denver Broncos,2009,20.3,315,62.9,5,1.88,0.81,18.1,18.6,31.9,186.3,1.13,1.06,5.4,10.4,28.6,128.7,0.69,4.5,6.19,4.88,45.4,1.5,31.4,15.7,12.5
Pittsburgh Steelers,2009,20.3,305.3,60.4,5.1,1.38,0.63,17.1,19.9,34.3,215.4,1.38,0.75,5.8,11.6,23.3,89.9,0.44,3.9,4.38,6.38,56.4,1.13,28.7,12.4,6.25
Atlanta Falcons,2009,20.3,348.9,62.3,5.6,1.75,0.81,18.9,20.9,33.5,241.9,1.56,0.94,6.9,12.3,27.1,106.9,0.63,4,5.56,6.88,55.8,1.06,32.2,15.2,4.79
Arizona Cardinals,2009,20.3,346.4,64.9,5.3,1.81,0.5,18.1,21.6,37.1,233.7,1.38,1.31,5.9,11.8,25.1,112.8,0.81,4.5,5.06,6.5,52.5,1.25,27.6,13.8,5.5
Buffalo Bills,2009,20.4,340.6,67.9,5,2.06,0.31,19.4,18.4,32.4,184.3,0.88,1.75,5.4,9.81,33.4,156.3,1.19,4.7,8.38,6.69,57.4,1.19,28.6,16.7,8.01
Houston Texans,2009,20.8,324.9,60.9,5.3,1.69,0.81,18.8,21.5,34.3,217.9,1.19,0.88,6,10.9,24.8,106.9,1.06,4.3,5.69,5.75,45.5,2.13,30.8,13.2,6.69
Washington Commanders,2009,21,319.7,62.5,5.1,1.06,0.38,17.5,19.6,31.9,207.3,1.19,0.69,6,11,28.1,112.4,0.63,4,5.31,6.13,47.7,1.19,33.7,9.6,9.89
Philadelphia Eagles,2009,21.1,321.1,64.8,5,2.38,0.81,18.4,22.1,36.3,216.4,1.69,1.56,5.5,11.2,25.8,104.7,0.69,4.1,5.06,6.5,49.3,2.19,29.9,17.3,11.2
New Orleans Saints,2009,21.3,357.8,65.3,5.5,2.44,0.81,19.4,20.6,35.9,235.6,0.94,1.63,6.2,10.9,27.2,122.2,1.19,4.5,6.94,5.38,44.8,1.5,31.4,18,11.1
Cleveland Browns,2009,23.4,389.3,67,5.8,1.19,0.56,21,19.6,32.9,244.7,1.38,0.63,6.9,11.8,31.6,144.6,0.94,4.6,7.5,6.31,50.8,1.69,36,8.6,1.13
Chicago Bears,2009,23.4,337.8,64.6,5.2,1.75,0.94,19.5,21.3,33.2,211.4,1.81,0.81,6,11.6,29.2,126.4,0.88,4.3,6.56,5.5,46.5,1.31,35.2,13.5,5.05
Las Vegas Raiders,2009,23.7,361.9,63.9,5.7,1.25,0.75,19.6,16.2,27.4,206.4,1,0.5,7,9.88,34.3,155.5,1.5,4.5,7.88,5.38,42.8,1.88,36.3,7.8,-1.24
Jacksonville Jaguars,2009,23.8,352.3,61.4,5.7,1.56,0.63,19.2,21.6,31.9,235.9,1.75,0.94,7.2,11.9,28.6,116.4,0.75,4.1,6.25,4,31.1,1,38.1,14.3,1.29
Miami Dolphins,2009,24.4,349.3,60.5,5.8,1.31,0.38,18.6,17.6,30.6,234.6,1.44,0.94,7,11.5,27.2,114.7,1,4.2,5.5,4.56,36.8,1.56,38.7,11.3,5.36
Seattle Seahawks,2009,24.4,356.4,64,5.6,1.44,0.63,19.1,23.4,35.5,245.4,1.69,0.81,6.6,12.8,26.8,111,1.06,4.1,5,6.94,60.7,1.31,33.7,10.7,2.15
Tampa Bay Buccaneers,2009,25,365.6,64.9,5.6,1.81,0.63,20.3,18.8,30.1,207.4,1.75,1.19,6.5,10.7,33.1,158.2,1,4.8,8.06,5,45.7,1.5,36.8,14.2,3.46
Tennessee Titans,2009,25.1,365.6,64.9,5.6,1.69,0.44,20.2,25.3,37.8,258.7,1.94,1.25,6.5,13.1,25.1,106.9,1,4.3,5.56,5.88,45.3,1.5,36.3,13.7,2.55
Kansas City Chiefs,2009,26.5,388.2,66.4,5.8,1.75,0.81,19.9,18.9,31.8,231.7,1.56,0.94,7,11.1,33.2,156.5,1.13,4.7,7.63,6.63,51.3,1.13,35.8,13.4,4.89
New York Giants,2009,26.7,324.9,59.6,5.5,1.5,0.69,19.3,19.6,31.1,214.1,1.94,0.81,6.5,11.4,26.4,110.8,1.31,4.2,6.44,5.5,42.4,1.44,38.5,11.5,1.89
Los Angeles Rams,2009,27.3,372.8,63.5,5.9,1.25,0.75,20.8,19.7,30.7,235.3,1.38,0.5,7.3,11.4,31.3,137.6,1.5,4.4,7.94,5,38.3,1.5,35.3,10.3,-2.23
Detroit Lions,2009,30.9,392.1,64.3,6.1,1.44,0.88,20.8,23.2,34.1,265.6,2.19,0.56,7.4,13.3,28.6,126.6,1.13,4.4,5.94,7.06,59,1.5,43.8,10.4,1.85
Pittsburgh Steelers,2008,13.9,237.2,60.9,3.9,1.81,0.56,15,18.8,33.3,156.9,0.75,1.25,4.3,9.31,24.4,80.3,0.44,3.3,4.56,5.69,50.1,1.13,22.9,14.4,19.3
Tennessee Titans,2008,14.6,293.6,63.9,4.6,1.94,0.69,17.3,21.4,35.9,199.8,0.75,1.25,5.2,10.4,25.2,93.9,0.75,3.7,5.06,5.81,46.9,1.81,23.2,15.5,12.4
Baltimore Ravens,2008,15.3,261.1,58,4.5,2.13,0.5,14.3,17.3,33,179.7,1.06,1.63,5.1,9.5,22.9,81.4,0.25,3.6,3.63,7.13,49.5,1.13,21.5,17.4,21.2
Philadelphia Eagles,2008,18.1,274.3,62.1,4.4,1.81,0.88,15.5,17.8,32.8,182.1,1.19,0.94,5.1,9,26.3,92.3,0.44,3.5,4.94,5.06,37.4,1.56,25.3,13.6,18.6
New York Giants,2008,18.4,292,58.2,5,1.38,0.31,16.8,18.5,31.4,196.2,1.06,1.06,5.8,10.3,24.1,95.8,0.88,4,4.88,6.94,54.1,1.56,28.9,12.1,7.87
Washington Commanders,2008,18.5,288.8,58.3,5,1.13,0.31,16.2,18.1,31.9,193.4,1,0.81,5.8,9.94,24.9,95.4,0.75,3.8,5.38,5,39.9,0.88,29.5,10.2,7.44
Indianapolis Colts,2008,18.6,310.9,61.4,5.1,1.63,0.69,19.1,20.6,30.1,188.1,0.38,0.94,5.9,10.3,29.5,122.9,1.13,4.2,7.44,4.25,33.9,1.31,37.3,17,4.23
New England Patriots,2008,19.3,309,57.5,5.4,1.38,0.5,16.8,18,29.6,201.4,1.69,0.88,6.4,11,25.9,107.6,0.5,4.1,4.88,5.06,39.8,0.88,30.6,12.9,3.54
Miami Dolphins,2008,19.8,329,61.2,5.4,1.88,0.75,18.5,20,34.4,227.8,1.13,1.13,6.2,10.8,24.3,101.3,0.69,4.2,6,5.38,38.4,1.69,35.2,16.4,4.33
Tampa Bay Buccaneers,2008,20.2,306.1,59.1,5.2,1.88,0.5,16.2,17.3,29.7,187.3,1.44,1.38,5.9,9.56,27.6,118.8,0.5,4.3,5.44,5.5,41.3,1.19,30.7,14.6,9.75
Atlanta Falcons,2008,20.3,347.9,62.4,5.6,1.13,0.5,19.3,20.3,34.3,220.4,1.25,0.63,6,11.8,25.9,127.5,1.06,4.9,6.75,6.81,53.4,0.75,32,9,3.06
Carolina Panthers,2008,20.6,331.2,64.1,5.2,1.56,0.81,18.5,20.8,34.8,211.7,1.19,0.75,5.7,11.1,27,119.5,0.88,4.4,6.25,5.5,46,1.13,30.8,12.4,6.43
Minnesota Vikings,2008,20.8,292.4,59.1,4.9,1.56,0.81,15.9,20.3,33.1,215.6,0.94,0.75,6,10.2,23.2,76.9,0.63,3.3,4.5,6.81,62.6,1.25,27.7,12.6,10.3
Buffalo Bills,2008,21.4,326.1,60.7,5.4,1.38,0.75,18.3,18.8,30.8,204.4,0.88,0.63,6.3,10.4,28.4,121.6,1.13,4.3,7.06,4.5,33.8,0.81,36.9,11.2,8.69
Los Angeles Chargers,2008,21.7,349.9,65.1,5.4,1.5,0.56,21.2,25.7,37.8,247.4,1.56,0.94,6.3,13.3,25.5,102.6,0.69,4,6.13,4.88,44.3,1.75,35.5,13,6.27
Chicago Bears,2008,21.9,334.7,67.9,4.9,2,0.63,19.6,23.9,38.9,241.2,1.31,1.38,5.9,13,27.3,93.5,1,3.4,5.81,6.25,51.7,0.81,30.4,14,8.73
Cleveland Browns,2008,21.9,356.5,62.8,5.7,1.94,0.5,19.7,17.9,27.9,204.6,1.19,1.44,7.1,11,33.8,151.9,1,4.5,7.81,5.94,48.1,0.88,31.6,17.5,5.72
New York Jets,2008,22.3,329.4,63.8,5.2,1.88,1,19.7,23,35.8,234.5,1.44,0.88,6.1,13.1,25.4,94.9,0.63,3.7,5.38,5.81,41.4,1.25,33.3,16.9,10.2
Cincinnati Bengals,2008,22.8,325.5,63.3,5.1,1.5,0.75,18.5,19.7,31.6,205.4,1.44,0.75,6.3,10.6,30.6,120.1,0.94,3.9,6.63,6.38,48.3,1.31,32.6,12,7.02
Dallas Cowboys,2008,22.8,294.3,60.6,4.9,1.38,0.88,17.3,19.3,31.8,187.7,1.19,0.5,5.3,10.2,25.1,106.6,0.69,4.2,5.31,5.44,37.6,1.75,36.8,10.8,8.94
Jacksonville Jaguars,2008,22.9,330.9,57.6,5.7,1.06,0.25,18.1,18.6,29.1,224.1,1.56,0.81,7.3,10.4,26.8,106.8,0.88,4,6.13,5,43.2,1.56,38.8,9.4,3.87
Green Bay Packers,2008,23.8,334.3,62.7,5.3,1.75,0.38,18.4,17.9,32.4,202.8,1.38,1.38,6,8.81,28.6,131.6,1.25,4.6,7.56,5.56,45.1,2.06,34.9,14.1,5.3
San Francisco 49ers,2008,23.8,326,64.2,5.1,1.13,0.38,18.3,20.7,34.1,219.2,1.38,0.75,6.1,10.6,28.3,106.8,0.88,3.8,6.5,6.94,54.3,1.19,38.6,9.8,5.46
Las Vegas Raiders,2008,24.3,360.9,65.3,5.5,1.5,0.5,20.3,16.6,29.4,201.3,1.25,1,6.4,10.4,33.9,159.7,1.44,4.7,8.06,4.63,39.6,1.88,34.4,11.5,2.55
Seattle Seahawks,2008,24.5,378,66.1,5.7,1.25,0.69,20.3,22.9,35.4,259.3,1.56,0.56,6.9,12.9,28.6,118.7,0.81,4.2,6.13,5.06,41.9,1.19,40.1,10.2,3.3
New Orleans Saints,2008,24.6,339.5,62.4,5.4,1.38,0.44,18.7,18.7,32.9,221.7,1.31,0.94,6.4,11.3,27.8,117.8,0.88,4.2,6.25,5.25,39.8,1.19,39.7,11.5,6.29
Houston Texans,2008,24.6,336.6,58.4,5.8,1.38,0.63,18.8,18.4,29.4,213.9,1.5,0.75,6.9,10.4,27.4,122.6,1.13,4.5,7.13,5.06,41.2,1.19,38.3,12,-0.6
Arizona Cardinals,2008,26.6,331.5,62.1,5.3,1.88,1.06,19.5,20.2,32.3,221.3,2.25,0.81,6.5,10.8,27.8,110.3,0.81,4,7.31,6.13,51,1.44,38.7,15.5,4.19
Kansas City Chiefs,2008,27.5,393.2,65.1,6,1.81,1,21.5,21.8,32.6,234.3,1.31,0.81,7,12.2,31.8,158.9,1.56,5,8.31,5.06,36.8,1,43.6,15.5,3.69
Denver Broncos,2008,28,374.6,61.9,6.1,0.81,0.44,20.4,20.8,30.9,228.5,1.25,0.38,7,11.6,29.3,146.1,1.63,5,7.63,5.19,46.1,1.19,46.4,7.7,-2.98
Los Angeles Rams,2008,29.1,371.9,60.9,6.1,1.63,0.88,20,17.4,27.8,217.2,1.25,0.75,7.3,9.88,31.3,154.7,1.63,4.9,9.13,5.56,40.9,1,41.6,13,1.79
Detroit Lions,2008,32.3,404.4,63.1,6.4,1.25,1,21.9,18.9,27.7,232.3,1.56,0.25,7.9,11.8,33.5,172.1,1.94,5.1,9.19,5.69,47.1,0.94,45.3,8.4,-6.89