Tm,Season,PF,Yds,Ply,Y/P,TO,FL,1stD,P_Cmp,P_Att,P_Yds,P_TD,P_Int,NPY/A,P_1stD,R_Att,R_Yds,R_TD,RY/A,R_1stD,Pen,Pen_Yds,1stPy,Sc%,TO%,EXP
Kansas City Chiefs,2022,29.2,413.6,64.4,6.4,1.35,0.65,24,25.6,38.3,297.8,2.41,0.71,7.5,16,24.5,115.9,1.06,4.7,6.18,5.12,49.3,1.82,46.4,10.1,14.1
Philadelphia Eagles,2022,28.1,389.1,66.1,5.9,1.12,0.59,22.6,20.6,31.5,241.5,1.47,0.53,7.1,11.5,32,147.6,1.88,4.6,9.47,5.29,40.1,1.71,42.5,10.2,10.3
Dallas Cowboys,2022,27.5,354.9,65.5,5.4,1.35,0.29,20.4,20.9,32.7,219.8,1.65,1.06,6.4,11.4,31.2,135.2,1.41,4.3,7.59,6.12,49.5,1.41,41.5,10.8,5.48
Buffalo Bills,2022,28.4,397.6,64.8,6.1,1.69,0.81,22.9,22.6,35.9,258.1,2.19,0.88,6.8,13.3,26.9,139.5,0.94,5.2,8,5.75,44.3,1.69,45,15.2,9.77
Detroit Lions,2022,26.6,380,64.2,5.9,0.88,0.47,22.1,22.5,34.6,251.8,1.71,0.41,7,13.4,28.2,128.2,1.35,4.5,6.71,5.29,45.5,2,43.2,8,9.53
San Francisco 49ers,2022,26.5,365.6,61.6,5.9,1,0.47,20.4,19.9,30.1,226.8,1.76,0.53,7.1,11.1,29.6,138.8,1.18,4.7,7.76,5.53,42.9,1.59,41.4,9.1,8.41
Minnesota Vikings,2022,24.9,361.5,66.1,5.5,1.35,0.47,22.5,26.4,39.5,263.8,1.76,0.88,6.2,14.4,23.8,97.7,1.06,4.1,5.47,5.18,40.5,2.65,36,11.7,4.46
Cincinnati Bengals,2022,26.1,360.5,65.8,5.5,1.13,0.38,22.3,26.1,38.1,265,2.19,0.75,6.5,13.8,24.9,95.5,0.88,3.8,6,5.06,38.9,2.5,41.5,9.7,7.55
Seattle Seahawks,2022,23.9,351.5,61.4,5.7,1.35,0.65,20.4,23.5,33.7,231.4,1.76,0.71,6.4,12.1,25,120.1,0.71,4.8,6.24,6.24,50.2,2,40.6,11.2,3.36
Jacksonville Jaguars,2022,23.8,357.4,63.1,5.7,1.29,0.76,20.7,23.2,35.1,232.9,1.47,0.53,6.3,12.2,26.4,124.5,0.94,4.7,6.71,5.29,39.6,1.76,39.2,12.2,5.6
Miami Dolphins,2022,23.4,364.5,59.4,6.1,1.24,0.35,20.1,21.6,34.4,265.4,1.76,0.88,7.3,12.9,22.9,99.2,0.71,4.3,5.47,6.53,51.8,1.71,38.8,11.8,5.57
Las Vegas Raiders,2022,23.2,352.5,61.7,5.7,1.24,0.24,20.2,21.1,34.5,231.4,1.65,1,6.3,11.4,25.2,121.1,0.71,4.8,7.18,6.65,54.8,1.65,42.4,12.2,4.36
Los Angeles Chargers,2022,23,359.3,67.9,5.3,1.12,0.53,20.7,28.5,41.8,269.6,1.53,0.59,6.1,13.6,23.8,89.6,0.88,3.8,5.47,4.76,37.4,1.59,38.1,9.5,4.26
Green Bay Packers,2022,21.8,337.9,61.8,5.5,1.29,0.59,19.6,21.4,33.1,213.6,1.59,0.71,6.1,10.9,26.8,124.3,0.71,4.6,6.82,5.24,43.9,1.88,36.2,11.3,4.05
Atlanta Falcons,2022,21.5,318.6,59.5,5.4,1.24,0.71,19.4,15.1,24.4,158.8,1,0.53,6,8.71,32.9,159.9,1,4.9,8.94,4,34.9,1.76,39.5,11.4,4.33
New York Giants,2022,21.5,333.9,64.1,5.2,0.94,0.59,20.7,20.4,30.6,185.7,1,0.35,5.5,10,30.6,148.2,1.24,4.8,8.82,6.24,48.6,1.88,37.3,7.3,3.72
New England Patriots,2022,21.4,314.6,59.2,5.3,1.35,0.53,16.9,21.1,31.8,208,1.12,0.82,6.1,9.76,25,106.6,0.71,4.3,5.76,6.12,49.5,1.41,32.8,12,-1.52
Cleveland Browns,2022,21.2,349.1,65.6,5.3,1.24,0.53,20.6,19.7,31.8,202.6,1.12,0.71,5.9,10.7,31.3,146.5,1.12,4.7,8.35,6,50.9,1.53,34.6,11.2,3.41
Baltimore Ravens,2022,20.6,338.8,61.9,5.5,1.24,0.47,19.8,17.6,28.7,178.8,1.12,0.76,5.8,8.76,30.9,160,0.82,5.2,9.82,4.82,39.9,1.24,38.9,11.7,2.94
Carolina Panthers,2022,20.4,306.2,57.4,5.3,1.24,0.47,16.5,15.7,26.9,176.2,0.94,0.76,6.1,8.12,28.4,130,0.94,4.6,7,6.12,50.7,1.41,35.3,9.6,-0.3
Arizona Cardinals,2022,20,323.5,67.3,4.8,1.47,0.47,19.2,25.5,39.1,213.3,1,1,5.1,11.1,25.5,110.2,0.88,4.3,6.76,6.94,53.9,1.29,32.1,12.8,-2.13
New Orleans Saints,2022,19.4,333.8,59.7,5.6,1.47,0.65,17.9,19.9,30.1,217.2,1.41,0.82,6.7,10.6,27.4,116.6,0.71,4.3,6.06,5.82,49.5,1.24,31.7,12.9,1.02
Chicago Bears,2022,19.2,307.8,58.4,5.3,1.47,0.59,16.4,13.1,22.2,130.5,1.12,0.88,5.1,6.41,32.8,177.3,1.06,5.4,8.71,4.71,44.4,1.24,34.3,12.7,-0.42
Washington Commanders,2022,18.9,330.3,67.1,4.9,1.35,0.41,19.9,20.2,32.6,204.2,1.41,0.94,5.8,10.8,31.6,126.1,0.53,4,7.29,5.41,47.4,1.82,29.4,11.7,-1.43
Tampa Bay Buccaneers,2022,18.4,346.7,68.2,5.1,1.29,0.71,20.4,29.4,44.2,269.8,1.53,0.59,5.9,14.1,22.7,76.9,0.29,3.4,4.65,5.82,46.6,1.59,32,10.3,0.18
Pittsburgh Steelers,2022,18.1,322.8,65.2,4.9,1.12,0.29,20.3,21.4,33.6,200.6,0.71,0.82,5.6,11.1,29.4,122.2,0.94,4.2,7.59,5.53,41.8,1.59,35,9.6,2.48
Los Angeles Rams,2022,18.1,280.5,58.9,4.8,1.35,0.47,17.2,20.4,31.2,182.8,0.94,0.88,5.3,10.6,24.2,97.7,0.88,4,5.24,4.47,38.5,1.35,33.5,13.1,-0.44
Tennessee Titans,2022,17.5,296.8,58.4,5.1,1.35,0.71,16.3,16.8,26.8,171.4,0.94,0.65,5.8,9,28.6,125.4,0.94,4.4,6.12,6.53,56.2,1.18,27.9,10.5,-1.6
New York Jets,2022,17.4,318.2,63.2,5,1.35,0.53,17.3,21,36.9,219,0.88,0.82,5.6,11.2,23.8,99.2,0.76,4.2,4.65,5.35,50.9,1.41,29.9,11.9,-2.8
Houston Texans,2022,17,283.5,59.7,4.7,1.65,0.53,16.3,20.7,34.1,196.7,1.18,1.12,5.4,9.35,23.4,86.8,0.41,3.7,5.29,5.18,37.9,1.65,28.8,13.6,-7.09
Indianapolis Colts,2022,17,311.6,64.9,4.8,2,0.82,18.2,23.4,35.5,201.9,1,1.18,5.2,11.4,25.8,109.8,0.47,4.3,5.35,5.24,46.7,1.53,29.2,16.9,-6.5
Denver Broncos,2022,16.9,325.1,63.4,5.1,1.41,0.53,17.6,20.3,33.6,211.3,1.06,0.88,5.7,9.76,26.1,113.8,0.65,4.4,6.18,6.65,57.1,1.71,28.6,10.6,-2.45
Dallas Cowboys,2021,31.2,407,67.8,6,1.18,0.53,22.9,26.1,38.1,282.4,2.35,0.65,7.1,14.6,27.8,124.6,0.88,4.5,6.53,7.47,64.9,1.82,43.8,9.9,9.3
Tampa Bay Buccaneers,2021,30.1,405.9,67,6.1,1.12,0.41,23.8,28.9,43,307.6,2.53,0.71,6.9,16.1,22.6,98.4,1.06,4.3,6.24,5.71,51.4,1.47,44.3,9.8,12.7
Buffalo Bills,2021,28.4,381.9,67.2,5.7,1.29,0.35,23.4,24.4,38.5,252,2.12,0.94,6.3,13.9,27.1,129.9,1.18,4.8,7.88,6.65,57.6,1.65,45.2,11.3,12.7
Kansas City Chiefs,2021,28.2,396.8,66.7,5.9,1.47,0.71,24.6,26.4,39.7,281.8,2.18,0.76,6.8,15.7,25.4,115,0.94,4.5,7,6.53,54.4,1.94,48.2,13.7,15.4
Los Angeles Chargers,2021,27.9,390.2,66.4,5.9,1.29,0.41,23.6,26.1,39.6,282.4,2.24,0.88,6.8,15.1,24.9,107.9,1.06,4.3,6.59,6.82,60.8,1.94,45.7,12,9.7
New England Patriots,2021,27.2,353.4,61.9,5.7,1.35,0.59,21.3,21.4,31.5,226.9,1.41,0.76,6.9,11,28.8,126.5,1.41,4.4,8.18,5.59,50.2,2.12,48,12.6,7.47
Cincinnati Bengals,2021,27.1,361.5,61.5,5.9,1.24,0.41,19.8,22.6,32.6,259,2.12,0.82,7.2,12.2,25.6,102.5,0.94,4,5.65,4.24,36.5,1.94,42.6,10,6.97
Los Angeles Rams,2021,27.1,372.1,62.2,6,1.35,0.29,20.9,23.9,35.7,273.1,2.41,1.06,7.3,13.7,24.7,99,0.59,4,5.82,4.47,37.5,1.35,45.9,12.2,9.5
Indianapolis Colts,2021,26.5,347.1,61.9,5.6,1.12,0.65,20.8,19.1,30.6,197.7,1.59,0.47,6.1,9.82,29.4,149.4,1.29,5.1,9.06,4.47,40.5,1.94,43.3,8.9,7.47
Green Bay Packers,2021,26.5,365.6,63.1,5.8,0.76,0.35,22.1,23.6,34.9,253.8,2.29,0.41,6.9,13.8,26.2,111.8,0.76,4.3,6.41,4.06,39.9,1.82,44.5,6.4,10.6
Arizona Cardinals,2021,26.4,373.6,66.2,5.6,0.88,0.24,21.6,24.4,34.8,251.5,1.59,0.65,6.8,12.6,29.2,122.1,1.35,4.2,7.47,6.71,58.2,1.53,44.7,7.8,7.06
Philadelphia Eagles,2021,26.1,359.9,63.2,5.7,0.94,0.35,20.7,18.1,29.1,200.2,1.18,0.59,6.5,9.82,32.4,159.7,1.47,4.9,9.59,6.29,49.5,1.29,43.4,9.2,6.65
San Francisco 49ers,2021,25.1,375.7,61.5,6.1,1.41,0.59,21.2,20.2,30.2,248.3,1.53,0.82,7.7,11.8,29.4,127.4,1.29,4.3,7.65,6,62.7,1.82,41.2,11.5,7.65
Minnesota Vikings,2021,25,362.8,63.7,5.7,0.76,0.35,19.5,23.4,35.5,249.3,2,0.41,6.7,11.9,26.4,113.5,0.59,4.3,6.06,6.53,61.4,1.59,39.3,6.6,4.24
Tennessee Titans,2021,24.6,342.5,66.6,5.1,1.47,0.65,21.3,21.1,31.5,201.1,1.29,0.82,5.9,11.4,32.4,141.4,1.35,4.4,7.88,6.06,57.2,2,38.9,13,4.66
Seattle Seahawks,2021,23.2,323.9,56.1,5.8,0.76,0.35,17.8,19.1,29.1,201.9,1.76,0.41,6.3,9.76,24.3,122,1.06,5,6.24,5.71,47.2,1.76,34.8,7,5.97
Baltimore Ravens,2021,22.8,378.8,69.7,5.4,1.53,0.47,23.2,23.3,35.9,233,1.24,1.06,5.9,12.3,30.4,145.8,1.06,4.8,9.35,6,50.1,1.53,38.5,13.3,3.51
Las Vegas Raiders,2021,22,363.8,63.6,5.7,1.41,0.59,20.5,25.2,36.9,268.6,1.35,0.82,6.8,12.8,24.4,95.1,0.82,3.9,5.59,7.29,64.9,2.18,41,12.8,4.58
New Orleans Saints,2021,21.4,304.5,61.8,4.9,1.06,0.29,18.1,17.2,29.6,187.4,1.71,0.76,5.9,9.71,30,117.1,0.71,3.9,6.65,5.76,47.7,1.71,33.7,8.7,-0.7
Cleveland Browns,2021,20.5,340.6,62,5.5,1.29,0.47,20.1,18.8,30.6,195.3,1.24,0.82,5.8,10.4,28.5,145.4,1.18,5.1,8.12,6.59,60.9,1.59,32.2,12.4,3.44
Pittsburgh Steelers,2021,20.2,315.4,65.5,4.8,1.18,0.53,19,25,39.1,222.2,1.35,0.65,5.4,12,24.2,93.1,0.59,3.9,5,6.24,48.9,2,34.7,9.5,-0.85
Miami Dolphins,2021,20.1,307,64.5,4.8,1.53,0.71,19.1,23.8,36.2,214.8,1.24,0.82,5.6,12.1,26,92.2,0.71,3.5,5.12,6.18,48.5,1.88,30.1,12.4,-0.7
Denver Broncos,2021,19.7,330.5,60.9,5.4,1.06,0.53,19.5,20.8,31.8,211.4,1.18,0.53,6.2,10.5,26.8,119.1,0.94,4.5,7.29,4.88,41.8,1.65,36.9,9.5,3.61
Washington Commanders,2021,19.7,323.6,62.9,5.1,1.41,0.53,20.3,20.9,32.4,202.4,1.24,0.88,5.8,10.6,28.1,121.2,0.76,4.3,7.59,4.82,43.7,2.06,34.6,13.4,0.93
Detroit Lions,2021,19.1,322.6,62.1,5.2,1.35,0.53,19.4,23.3,34.9,211.6,1.35,0.82,5.7,11.4,25.1,110.9,0.71,4.4,6.12,6.18,48.5,1.88,34.3,12.9,0.4
Atlanta Falcons,2021,18.4,303.8,59.2,5.1,1.53,0.65,18,22.2,33.7,218.4,1.18,0.88,6.1,11.5,23.1,85.4,0.65,3.7,4.41,5.41,44.3,2.06,32.8,14.7,-1.08
Chicago Bears,2021,18.3,307.4,63.2,4.9,1.71,0.53,19.6,19.5,31.9,188.6,0.94,1.18,5.3,10.6,27.9,118.7,0.82,4.2,7,6.24,53.8,2,31.5,15.2,-2.41
New York Jets,2021,18.2,306.4,60.9,5,1.59,0.41,18.2,21,35.5,208.3,1.18,1.18,5.4,11.5,22.4,98.1,0.82,4.4,5.12,6.06,50.6,1.65,29.4,14.4,-1.92
Carolina Panthers,2021,17.9,298.9,65.1,4.6,1.71,0.47,18.9,20.5,35.2,190.5,0.82,1.24,5,10.2,26.8,108.4,1,4,6.94,6.29,50.8,1.76,29.2,14.9,-5.42
Houston Texans,2021,16.5,278.1,59.4,4.7,1.29,0.41,15.6,20.8,32.1,194.4,1.24,0.88,5.6,9.53,24.7,83.6,0.47,3.4,4.53,6.71,57.5,1.59,26.6,11.2,-4.37
New York Giants,2021,15.2,287.3,61.8,4.7,1.76,0.59,17.6,20.6,34.9,188,0.88,1.18,5.1,10.1,24.6,99.3,0.47,4,5.29,5.18,39.6,2.24,27.5,15.9,-5.89
Jacksonville Jaguars,2021,14.9,305.4,60.5,5,1.71,0.71,17.9,21.2,35.5,202.1,0.71,1,5.4,10.5,23.1,103.2,0.76,4.5,5.41,6.12,50.4,2,26.4,15.7,-2.5
Green Bay Packers,2020,31.8,389,61.9,6.3,0.69,0.38,22.4,23.3,32.9,256.6,3,0.31,7.5,13.5,27.7,132.4,1,4.8,7.13,5.25,42.8,1.75,49.7,5.6,18.2
Buffalo Bills,2020,31.3,396.4,64.6,6.1,1.38,0.69,24.8,25.6,37.3,288.8,2.5,0.69,7.4,15,25.7,107.7,1,4.2,7.44,6.38,58.8,2.38,49.4,11.8,14.3
Tampa Bay Buccaneers,2020,30.8,384.1,63.6,6,1.06,0.31,22.8,25.6,39.1,289.1,2.63,0.75,7.1,14.9,23.1,94.9,1,4.1,5.13,5.25,44.7,2.75,47.8,8.9,15.4
Tennessee Titans,2020,30.7,396.4,64.4,6.2,0.75,0.31,23.8,19.8,30.3,228.3,2.06,0.44,7.2,12.7,32.6,168.1,1.63,5.2,8.88,5.38,48.9,2.25,47.9,7.2,15.3
New Orleans Saints,2020,30.1,376.4,65.3,5.8,1.06,0.56,22.9,23.1,32.6,234.9,1.75,0.5,6.8,12.4,30.9,141.6,1.88,4.6,9.19,6.13,62.8,1.31,45.5,9,11.1
Kansas City Chiefs,2020,29.6,415.8,66.1,6.3,1,0.56,24.8,26.3,39.4,303.4,2.5,0.44,7.4,15.9,25.2,112.4,0.81,4.5,6.88,6.56,57.4,2,47.9,9.2,17.6
Baltimore Ravens,2020,29.3,363.1,62.1,5.9,1.13,0.44,20.4,16.1,25.4,171.2,1.69,0.69,6.3,8.88,34.7,191.9,1.5,5.5,10.4,6.5,60.1,1.19,45.3,10.6,9.27
Seattle Seahawks,2020,28.7,369.5,63.9,5.8,1.13,0.31,22.3,24.3,35.2,246.3,2.5,0.81,6.5,13.5,25.7,123.2,0.94,4.8,6.94,5.25,41.4,1.81,44.4,10.1,8.08
Indianapolis Colts,2020,28.2,378.1,64.5,5.9,0.94,0.25,22.8,23.2,34.5,253.3,1.5,0.69,7.1,12.6,28.7,124.8,1.25,4.3,8.06,5.88,56.2,2.13,44.4,8.8,10.5
Las Vegas Raiders,2020,27.1,383.3,64.8,5.9,1.63,1,22.4,23.1,34.4,263.6,1.75,0.63,7.3,12.9,28.6,119.8,1.25,4.2,7.56,6.13,53.5,2,47.9,14.8,9.23
Minnesota Vikings,2020,26.9,393.3,63.9,6.2,1.44,0.63,23.9,21.8,32.3,250.6,2.19,0.81,7.2,13.3,29.3,142.7,1.25,4.9,8.69,5.13,40.6,2,39.8,12.5,9.86
Pittsburgh Steelers,2020,26,334.6,65.2,5.1,1.13,0.44,20.1,26.8,41,250.2,2.19,0.69,6,12.9,23.3,84.4,0.75,3.6,5.06,5.06,43.2,2.19,37.2,8.5,4.89
Arizona Cardinals,2020,25.6,384.6,67.7,5.7,1.31,0.5,23.8,24.2,35.9,244.8,1.69,0.81,6.5,13.2,29.9,139.8,1.38,4.7,8.5,7.06,54.3,2.13,40.2,11.7,6.48
Cleveland Browns,2020,25.5,369.6,63.9,5.8,1,0.5,22.2,19.7,31.3,221.2,1.69,0.5,6.7,12.2,30.9,148.4,1.31,4.8,8.31,6.25,54.4,1.69,40.6,9.7,9.97
Miami Dolphins,2020,25.3,339,63.8,5.3,1.25,0.44,21.6,23.1,34.9,233.5,1.5,0.81,6.3,12.9,26.8,105.5,0.94,3.9,6.25,4.63,39.7,2.38,41.4,11,3.87
Atlanta Falcons,2020,24.8,368.4,67.4,5.5,1.13,0.44,22.9,25.5,39.3,272.7,1.69,0.69,6.5,15.2,25.6,95.8,0.81,3.7,5.38,5.19,46,2.31,44.8,10.3,8.11
Dallas Cowboys,2020,24.7,371.8,69.6,5.3,1.63,0.81,23.2,25.8,39.9,260.1,1.56,0.81,6.1,14.4,26.9,111.8,0.88,4.2,7.19,6,53.1,1.56,40.6,14.4,3.69
Houston Texans,2020,24,375.3,58.8,6.4,1.13,0.69,20.4,23.9,34.1,283.6,2.06,0.44,7.6,13.9,21.5,91.6,0.63,4.3,5.19,5,38.7,1.31,42.9,9.8,8.76
Los Angeles Chargers,2020,24,382.1,70.4,5.4,1,0.38,23.3,25.8,39.2,270.6,1.94,0.63,6.5,14.1,29.1,111.5,0.75,3.8,6.94,5.31,44.4,2.25,38.3,8.6,8.1
Detroit Lions,2020,23.6,350.2,61.9,5.7,1.31,0.5,21.9,23.4,36.4,256.5,1.69,0.81,6.6,13.8,22.9,93.7,1.06,4.1,5.81,5.94,53.8,2.31,38.5,11.2,5.92
San Francisco 49ers,2020,23.5,370.1,65.4,5.7,1.94,0.88,21.9,23.2,35.6,252.1,1.56,1.06,6.6,13.6,27.3,118.1,1.19,4.3,6.31,5.31,45.7,2,36.3,14.8,3.48
Los Angeles Rams,2020,23.3,377,68,5.5,1.56,0.69,22,24.5,36.9,250.9,1.25,0.88,6.5,12.9,29.6,126.1,1.19,4.3,7.69,4.44,40.9,1.44,34.2,12.5,3.58
Chicago Bears,2020,23.3,331.4,65.2,5.1,1.38,0.38,20.9,25.1,38.4,228.4,1.63,1,5.6,13.6,24.6,102.9,0.75,4.2,5.81,5.5,48.6,1.5,38.9,12,2.18
Carolina Panthers,2020,21.9,349.5,62.1,5.6,1.31,0.31,20.9,23.3,34.4,243,1,1,6.6,12,25.4,106.5,1.19,4.2,6.88,5.94,47,2.06,40.3,13.2,5.08
Washington Commanders,2020,20.9,317.3,65.7,4.8,1.69,0.69,20.1,24.3,37.6,216.6,1,1,5.3,11.5,25,100.7,1.13,4,6.75,5.44,43.6,1.88,33.3,13.1,-0.65
Philadelphia Eagles,2020,20.9,334.6,66.6,5,1.81,0.56,21,20.9,37.4,207.9,1.38,1.25,5,11.1,25.2,126.7,1,5,7.13,6.69,53.3,2.81,27.9,15.3,-0.85
New England Patriots,2020,20.4,327.3,61.2,5.3,1.19,0.31,20.8,17.7,27.5,180.6,0.75,0.88,6.1,9.81,31.4,146.6,1.25,4.7,8.94,3.88,33.4,2,36.9,12.1,3.49
Denver Broncos,2020,20.2,335.6,64.4,5.2,2,0.56,19.3,19.8,34.8,215.7,1.31,1.44,5.9,11,27.6,119.9,0.81,4.3,5.88,5.06,41.9,2.38,33,17,-1.36
Cincinnati Bengals,2020,19.4,319.8,65,4.9,1.5,0.81,19.9,23.3,36.3,215.5,1.19,0.69,5.5,12.6,25.7,104.3,0.81,4.1,5.75,5.19,42.2,1.56,33,12.8,-0.32
Jacksonville Jaguars,2020,19.1,326.1,62.3,5.2,1.56,0.56,19.4,24.2,38.5,231.2,1.56,1,5.6,12.8,21.1,94.9,0.56,4.5,5,6.69,66.9,1.56,30.4,14,-0.38
New York Giants,2020,17.5,299.6,60.4,5,1.38,0.69,18.6,20.1,32.3,189.1,0.75,0.69,5.3,11.1,24.9,110.5,0.81,4.4,5.69,5.06,39.6,1.75,33.5,12.6,-1.67
New York Jets,2020,15.2,279.9,59.3,4.7,1.19,0.31,16.8,18.3,31.2,174.8,1,0.88,5.2,9.13,25.4,105.2,0.56,4.1,5.88,6.31,59.5,1.81,26.3,10.9,-3.69
Baltimore Ravens,2019,33.2,407.6,66.5,6.1,0.94,0.44,24.1,18.1,27.5,201.6,2.31,0.5,6.9,10.7,37.3,206,1.31,5.5,11.8,6.81,54.2,1.69,51.8,8.4,15
San Francisco 49ers,2019,29.9,381.1,63.3,6,1.44,0.63,21,20.7,29.9,237,1.75,0.81,7.4,12.2,31.1,144.1,1.44,4.6,6.88,6.56,58.7,1.94,44.3,12,8.77
Tampa Bay Buccaneers,2019,28.6,397.9,67.9,5.9,2.56,0.69,22.1,23.9,39.4,302.8,2.06,1.88,7.2,15.3,25.6,95.1,0.94,3.7,5.06,8.31,69.4,1.75,37.9,20.2,2.31
New Orleans Saints,2019,28.6,373.9,63.2,5.9,0.5,0.13,21.7,26.1,36.3,265.3,2.25,0.38,7,14.4,25.3,108.6,0.75,4.3,6.06,7.5,64.8,1.25,46.2,4,10.2
Kansas City Chiefs,2019,28.2,379.2,61,6.2,0.94,0.63,21.9,23.6,36,281.1,1.88,0.31,7.5,13.2,23.4,98.1,1,4.2,5.81,6.69,64.3,2.88,48.8,7.9,16.5
Dallas Cowboys,2019,27.1,431.5,66.8,6.5,1.13,0.44,23.7,24.3,37.3,296.9,1.88,0.69,7.7,14.3,28.1,134.6,1.13,4.8,7.5,6.81,63,1.88,44.6,10.3,13.2
New England Patriots,2019,26.3,354,68.4,5.2,0.94,0.38,21.1,23.6,38.8,247.6,1.56,0.56,6.1,12.3,27.9,106.4,1.06,3.8,6.88,5.88,51.8,1.94,36.3,7.4,2.16
Minnesota Vikings,2019,25.4,353.5,60.6,5.8,1.25,0.75,19.6,19.9,29.1,220.2,1.63,0.5,7.1,10.7,29.8,133.3,1.19,4.5,6.63,6,55.9,2.31,41.6,10.4,6.13
Seattle Seahawks,2019,25.3,374.4,65.4,5.7,1.25,0.88,21.3,21.3,32.3,236.9,1.94,0.38,6.7,11.9,30.1,137.5,0.94,4.6,7.56,6.81,55.1,1.88,36.5,10.6,5.41
Tennessee Titans,2019,25.1,362.8,59.3,6.1,1.06,0.56,19.8,18.6,28,223.9,1.81,0.5,7.1,11.1,27.8,138.9,1.31,5,6.5,6.19,58.3,2.25,31.4,8.6,7.24
Los Angeles Rams,2019,24.6,374.9,65.9,5.7,1.5,0.44,21.4,24.8,39.5,281.2,1.38,1.06,6.9,13.9,25.1,93.7,1.25,3.7,5.75,7.38,56.2,1.75,35.7,13,2.32
Philadelphia Eagles,2019,24.1,360.8,69,5.2,1.44,0.94,22.1,24.4,38.3,239.6,1.69,0.5,5.9,13.4,28.4,121.2,1,4.3,6.5,6.25,52.3,2.19,34.8,10.7,3.74
Atlanta Falcons,2019,23.8,379.7,68.5,5.5,1.56,0.63,23.9,28.7,42.8,294.6,1.81,0.94,6.4,16.1,22.6,85.1,0.63,3.8,5.25,7.44,59.8,2.56,40.8,13.2,5.97
Houston Texans,2019,23.6,362,63.6,5.7,1.38,0.5,21.6,22.2,33.4,236.4,1.69,0.88,6.5,12.7,27.1,125.6,1.06,4.6,7,6.94,55.8,1.94,37.9,12.4,7.42
Green Bay Packers,2019,23.5,345.5,63.8,5.4,0.81,0.56,20,22.3,35.8,233.3,1.63,0.25,6.1,11.9,25.7,112.2,1.13,4.4,5.63,6.25,48.4,2.5,37.3,6.8,7.09
Arizona Cardinals,2019,22.6,341.7,62.5,5.5,1.13,0.38,19.6,22.2,34.6,217.3,1.25,0.75,5.8,11,24.8,124.4,1.13,5,6.81,7.56,59.8,1.81,38.8,10.1,4.02
Indianapolis Colts,2019,22.6,327.4,63.5,5.2,1.31,0.69,21.3,19.2,32.1,194.3,1.38,0.63,5.7,10.3,29.4,133.1,1.06,4.5,8.19,4.94,41.9,2.75,36.3,11.3,4.67
Detroit Lions,2019,21.3,346.8,63.8,5.4,1.44,0.5,19.6,21.5,35.7,243.8,1.75,0.94,6.4,12.3,25.4,103.1,0.44,4.1,5.13,7.06,58.6,2.19,33.3,12,1.94
New York Giants,2019,21.3,338.5,63.3,5.4,2.06,1,19.4,23.5,37.9,233.2,1.88,1.06,5.7,11.7,22.6,105.3,0.69,4.7,5.56,5.63,49,2.19,28.6,17.8,-0.64
Carolina Panthers,2019,21.3,341.8,67.3,5.1,2.19,0.88,20.9,23.9,39.6,228.1,1.06,1.31,5.3,14.4,24.1,113.7,1.25,4.7,5.13,5.44,47.1,1.44,32.3,16.7,-1.75
Los Angeles Chargers,2019,21.1,367.4,62.3,5.9,1.94,0.69,21.8,24.6,37.3,276.6,1.5,1.25,7,13.8,22.9,90.8,0.75,4,5.63,6.44,54.5,2.44,38.8,18.1,5.15
Cleveland Browns,2019,20.9,340.9,60.8,5.6,1.75,0.44,19.1,19.9,33.7,222.1,1.38,1.31,6.1,11.3,24.6,118.8,0.94,4.8,5.63,7.63,69.1,2.19,33.9,14.8,0.85
Buffalo Bills,2019,19.6,330.2,63.6,5.2,1.19,0.44,19.6,18.7,32.1,201.8,1.31,0.75,5.8,10.1,29.1,128.4,0.81,4.4,7.5,7.31,57.9,2,30.1,10.2,0.42
Las Vegas Raiders,2019,19.6,363.7,61.8,5.9,1.06,0.56,19.7,22.9,32.7,245.4,1.38,0.5,7.1,12.1,27.3,118.3,0.81,4.3,6.5,8,71.1,1.06,32.7,9.7,4.97
Miami Dolphins,2019,19.1,310,63.9,4.9,1.63,0.5,19.7,23.2,38.4,237.8,1.38,1.13,5.7,13.1,21.8,72.3,0.63,3.3,4,5.75,48.1,2.56,30.2,13.7,-1.8
Jacksonville Jaguars,2019,18.8,341.8,63.8,5.4,1.25,0.75,18.6,22.8,36.8,235,1.5,0.5,6,11.4,24.3,106.8,0.19,4.4,5.31,8.25,72.8,1.88,33.9,10.2,-1.45
Pittsburgh Steelers,2019,18.1,276.8,58.6,4.7,1.88,0.69,16.6,19.7,31.9,186.3,1.13,1.19,5.5,9.19,24.7,90.4,0.44,3.7,4.69,6.94,55.8,2.69,28.9,16,-5.35
Denver Broncos,2019,17.6,298.6,59.6,5,1,0.38,17.4,19.5,31.5,194.7,1,0.63,5.7,10.1,25.6,103.9,0.69,4.1,4.81,6.88,57,2.5,32.4,9.2,-0.91
Chicago Bears,2019,17.5,296.8,63.8,4.7,1.19,0.44,18.6,23.2,36.3,205.7,1.25,0.75,5.3,11.1,24.7,91.1,0.5,3.7,5.31,6.44,52.4,2.13,29.1,10.3,-2.57
Cincinnati Bengals,2019,17.4,323.1,65.6,4.9,1.88,0.88,19.5,22.3,38.5,228.3,1.13,1,5.5,11.9,24.1,94.8,0.56,3.9,5.31,5.81,47.6,2.25,29.8,15.5,-3.8
New York Jets,2019,17.3,273,59.8,4.6,1.56,0.56,15.8,20.2,32.6,194.4,1.19,1,5.4,10.1,23.9,78.6,0.38,3.3,3.81,7.19,69.1,1.88,23.3,11.6,-7.06
Washington Commanders,2019,16.6,274.7,55.3,5,1.31,0.5,15.5,18.6,29.9,175.8,1.13,0.81,5.3,9.63,22.3,98.9,0.56,4.4,4.63,6.63,52.2,1.25,29.5,11.9,-5.52
Kansas City Chiefs,2018,35.3,425.6,62.3,6.8,1.13,0.38,24,24.1,36.4,309.7,3.13,0.75,8.1,14.9,24.2,115.9,1,4.8,6.75,8.56,72,2.31,52.6,10.5,18.6
Los Angeles Rams,2018,32.9,421.1,66.3,6.4,1.19,0.44,25.1,23,35.5,281.7,2,0.75,7.5,14.8,28.7,139.4,1.44,4.9,8.38,6,54.9,1.94,48.6,9.8,15
New Orleans Saints,2018,31.5,379.2,63.1,6,1,0.56,23.6,23.8,32.4,252.6,2.06,0.44,7.5,13.1,29.4,126.6,1.63,4.3,8.38,5.88,58.7,2.06,51.8,9.5,14.9
New England Patriots,2018,27.3,393.4,67.1,5.9,1.13,0.44,22.8,23.6,35.9,266.1,1.81,0.69,7.2,12.9,29.9,127.3,1.13,4.3,8.19,5.81,46.5,1.75,40.8,9.2,11.9
Indianapolis Colts,2018,27.1,386.2,66.9,5.8,1.5,0.56,23.2,27,40.3,278.8,2.44,0.94,6.7,14.8,25.5,107.4,0.81,4.2,6,7.5,59.6,2.38,41.2,13.2,8.78
Seattle Seahawks,2018,26.8,353.3,63.3,5.6,0.69,0.25,20.6,17.5,26.7,193.3,2.19,0.44,6.5,9.75,33.4,160,0.94,4.8,8.31,6.94,59.9,2.5,39.8,6.1,8.05
Los Angeles Chargers,2018,26.8,372.6,59.1,6.3,1.19,0.44,21.1,21.8,32,255.6,2,0.75,7.5,13.3,24.9,117.1,1,4.7,6.25,7.06,60.4,1.56,42.4,10,10.6
Pittsburgh Steelers,2018,26.8,403.3,66.1,6.1,1.63,0.56,23.6,28.7,43.1,313,2.19,1.06,7,15.7,21.6,90.3,1,4.2,5.5,6.94,64.1,2.44,36.8,14.3,9.76
Chicago Bears,2018,26.3,343.9,63.3,5.4,1.5,0.63,20.7,21.5,32,222.8,1.75,0.88,6.5,11.1,29.3,121.1,1,4.1,6.75,6.06,49.8,2.88,36.8,13.2,6.02
Atlanta Falcons,2018,25.9,389.1,63.1,6.2,1.13,0.69,22,26.8,38.6,290.8,2.25,0.44,7.1,14.9,21.9,98.3,0.69,4.5,5.25,6.31,56.2,1.88,42.9,10.7,9.69
Houston Texans,2018,25.1,362.6,65,5.6,1,0.44,20.8,21.6,31.6,236.3,1.63,0.56,6.7,12.6,29.5,126.3,0.75,4.3,5.88,6.56,49.2,2.31,40.3,8.1,5.26
Tampa Bay Buccaneers,2018,24.8,415.5,65.9,6.3,2.19,0.56,24.3,25.5,39.1,320.3,2.25,1.63,7.7,16.6,24.3,95.2,0.69,3.9,5,7.31,60.9,2.69,37,19,7.57
Baltimore Ravens,2018,24.3,374.9,70.9,5.3,1.25,0.69,22.9,20.9,34.8,222.4,1.13,0.56,6.1,11.5,34.2,152.6,1.19,4.5,9.56,7.25,58.8,1.88,40.7,10.7,4.55
Green Bay Packers,2018,23.5,369.1,64.1,5.8,0.94,0.69,20.8,24.5,40,264.9,1.56,0.25,6.1,13,20.8,104.2,0.88,5,6.13,6.75,58.6,1.63,38.8,6.7,6.8
Carolina Panthers,2018,23.5,373.3,63.2,5.9,1.38,0.38,22.3,23.6,35.2,239.8,1.75,1,6.4,13.3,26,133.5,1.06,5.1,7.31,5.75,51.1,1.69,37,12.1,7.33
New York Giants,2018,23.1,356.1,61.5,5.8,1.19,0.44,18.6,23.9,36.4,252.9,1.44,0.75,6.4,13,22.1,103.1,0.81,4.7,4.44,7.13,59.4,1.13,38.4,9.6,4.41
Cincinnati Bengals,2018,23,310.8,58.6,5.3,1.06,0.25,19,20.7,33.9,205.6,1.69,0.81,5.7,11.4,22.4,105.1,0.81,4.7,5.75,7.13,59.8,1.88,35.5,9.6,2.97
Philadelphia Eagles,2018,22.9,365.3,64.8,5.6,1.44,0.75,21.6,26.4,37.4,267.2,1.81,0.69,6.7,13.8,24.9,98.1,0.75,3.9,5.88,6.25,53.3,1.94,38.1,12.5,5.75
Minnesota Vikings,2018,22.5,345.6,62.7,5.5,1.25,0.63,19.4,26.6,37.9,252.3,1.88,0.63,6.2,13.6,22.3,93.3,0.56,4.2,4.13,5.75,48.7,1.63,32.4,10.6,0.47
Cleveland Browns,2018,22.4,368.8,63.9,5.8,1.5,0.44,19.6,22.1,35.9,250.4,1.81,1.06,6.5,11.8,25.7,118.3,0.94,4.6,5.81,7,55.9,2,31.2,11.4,2.31
San Francisco 49ers,2018,21.4,360.6,62.7,5.8,2,0.75,21.5,20.7,33.3,241.7,1.63,1.25,6.7,12.6,26.4,118.9,0.44,4.5,6.13,7,61.4,2.81,37,17.1,1.31
Dallas Cowboys,2018,21.2,343.8,63.9,5.4,1.06,0.56,20.1,22.3,32.9,221.1,1.38,0.5,6.1,11.5,27.4,122.7,0.81,4.5,7.06,6.5,55.3,1.56,37.9,10.1,5.19
New York Jets,2018,20.8,299.2,60.7,4.9,1.88,0.69,16.1,18.7,32.8,197.8,1.13,1.19,5.6,9.81,25.6,101.4,0.69,4,5.25,7.13,59.3,1.06,32,14.7,-6.09
Denver Broncos,2018,20.6,350.1,63.4,5.5,1.31,0.38,20,22.9,36.8,230.9,1.19,0.94,5.9,11.3,24.6,119.2,1.13,4.9,6.69,7.81,61.6,2,30.6,11.3,1.51
Detroit Lions,2018,20.3,327.3,63.7,5.1,1.19,0.44,20.3,23.4,35.9,223.5,1.38,0.75,5.8,12.6,25.3,103.8,0.69,4.1,5.69,5.88,53.3,2.06,35.3,11,2.49
Miami Dolphins,2018,19.9,289.9,54.9,5.3,1.44,0.63,15.8,18.3,28.4,181.3,1.63,0.81,5.7,9.56,23.2,108.6,0.44,4.7,4.69,6.75,61.1,1.5,28.3,12.5,-2.52
Tennessee Titans,2018,19.4,312.6,58.8,5.3,1.13,0.38,18.1,18.3,27.3,185.9,1,0.75,6.1,9.75,28.5,126.7,0.94,4.4,6.63,5.13,45.4,1.69,34.9,10.2,0.66
Las Vegas Raiders,2018,18.1,336.2,62.2,5.4,1.5,0.88,18.8,23.9,34.8,234.4,1.19,0.63,6.2,12.3,24.2,101.8,0.56,4.2,5.38,6.88,60.3,1.06,31.3,13.6,-1.12
Washington Commanders,2018,17.6,299.7,60.4,5,1.19,0.25,17.5,19.4,31.8,188.8,1,0.94,5.5,9.75,25.9,110.9,0.75,4.3,6,7.19,63,1.75,31.8,11.2,-2.13
Buffalo Bills,2018,16.8,298.6,63,4.7,2,0.56,17.7,16.9,31.2,174.6,0.81,1.44,5.2,8.56,29.3,124,0.94,4.2,6.75,7.25,62,2.38,26.4,15.5,-6.55
Jacksonville Jaguars,2018,15.3,302,62.8,4.8,1.81,1,17.3,20.6,33.5,194.3,0.94,0.81,5.3,10.3,26,107.7,0.44,4.1,5.75,7.56,69.5,1.31,25,15.6,-6.14
Arizona Cardinals,2018,14.1,241.6,56.4,4.3,1.75,0.63,14.9,17.7,30.9,157.7,0.94,1.13,4.6,8.56,22.2,83.9,0.56,3.8,4.75,6.31,49.1,1.63,19.3,15,-9.69
Los Angeles Rams,2017,29.9,361.5,62.5,5.8,1.31,0.88,19.4,20,32.4,239.4,1.75,0.44,7,11.6,28.4,122.1,1.06,4.3,6.06,6.69,57.6,1.81,45.3,9.5,-2.7
New England Patriots,2017,28.6,394.2,66.9,5.9,0.75,0.25,24.3,24.3,36.7,276.1,2,0.5,7.1,14.5,28,118.1,1,4.2,6.69,5.94,52.2,3.13,49.4,6.9,7.18
Philadelphia Eagles,2017,28.6,365.8,67.1,5.5,1.25,0.69,21.1,21.3,35.3,233.6,2.38,0.56,6.2,12.1,29.6,132.2,0.56,4.5,6.75,7.25,60.1,2.31,40.3,9.4,1.32
New Orleans Saints,2017,28,391.2,62.5,6.3,1.13,0.63,20.8,24.1,33.5,261.8,1.44,0.5,7.5,12.6,27.8,129.4,1.44,4.7,6.94,6.56,60.4,1.25,44.6,9.1,0.46
Jacksonville Jaguars,2017,26.1,365.9,67.4,5.4,1.44,0.63,20.8,19.8,32.9,224.6,1.31,0.81,6.5,12.1,32.9,141.4,1.13,4.3,6.31,7,58.5,2.38,34.7,11.1,-2.25
Kansas City Chiefs,2017,25.9,375.4,61.6,6.1,0.69,0.19,20.1,22.7,33.9,256.5,1.63,0.5,7.1,12.4,25.3,118.9,0.75,4.7,5.94,7.38,65.3,1.81,44.9,6.3,-1.41
Detroit Lions,2017,25.6,337.8,61.3,5.5,1.38,0.69,18.5,23.4,35.6,261.4,1.81,0.69,6.8,13.1,22.7,76.3,0.63,3.4,3.63,6.5,60.5,1.75,37.3,11.9,-5.86
Pittsburgh Steelers,2017,25.4,377.9,65.7,5.8,1.25,0.31,21.8,24,36.9,273.8,1.81,0.94,7.1,13.6,27.3,104.2,0.75,3.8,6,6.31,56.1,2.19,43,10.6,-2.03
Baltimore Ravens,2017,24.7,305.4,65.9,4.6,1.06,0.25,19.4,22.7,35.4,189.4,1.25,0.81,5.1,10.5,28.8,116,0.88,4,6.94,5.69,46.8,2,36.5,8.9,-8.25
Minnesota Vikings,2017,23.9,356.9,65.9,5.4,0.88,0.38,20.9,22.3,32.9,234.6,1.56,0.5,6.8,12.3,31.3,122.3,0.94,3.9,6.25,6.25,59.3,2.38,38.9,7.6,-3.38
Seattle Seahawks,2017,22.9,330.4,62.9,5.2,1.06,0.31,18.7,21.3,34.7,228.6,2.13,0.75,6.1,11.4,25.6,101.8,0.25,4,5.31,9.25,83.9,1.94,30.5,8.6,-4.88
Carolina Panthers,2017,22.7,323.7,64.1,5,1.38,0.38,20,18.3,31.3,192.3,1.38,1,5.7,10.4,30.6,131.4,0.94,4.3,7.56,5.19,42.6,2,37.4,11.7,-6.27
Los Angeles Chargers,2017,22.2,376.6,63.8,5.9,0.94,0.25,21.1,22.9,36.4,276.9,1.75,0.69,7.4,13.8,26.2,99.7,0.63,3.8,5.25,6.75,57.9,2.06,33.3,8.5,-1.11
Dallas Cowboys,2017,22.1,331.9,62.8,5.3,1.38,0.56,19.6,19.3,30.8,196.3,1.38,0.81,6,10.1,30,135.6,1.13,4.5,7.94,6.06,58.7,1.56,36.3,11.1,-2.54
Atlanta Falcons,2017,22.1,364.8,61.5,5.9,1.13,0.38,20.6,21.4,33.1,249.4,1.31,0.75,7.2,12.5,26.9,115.4,0.75,4.3,6.31,6.38,57.4,1.81,41.2,10.3,-2.88
Washington Commanders,2017,21.4,324.9,61.4,5.3,1.69,0.88,17.4,21.7,33.8,234.4,1.69,0.81,6.5,11.9,25.1,90.5,0.63,3.6,4.13,5.75,45.8,1.31,31.9,12.6,-5.97
Houston Texans,2017,21.1,320,64.2,5,1.75,0.69,19.6,18.7,32.8,204.9,1.75,1.06,5.7,11.3,28,115.1,0.5,4.1,5.38,7.75,65.6,2.94,29.2,14.6,-4.93
Tampa Bay Buccaneers,2017,20.9,363.4,64.7,5.6,1.69,0.81,22,23.6,37.8,272.9,1.63,0.88,6.8,15.2,24.4,90.5,0.5,3.7,4.75,6.5,49.7,2.06,33.7,15.4,-3.27
Tennessee Titans,2017,20.9,314,60.9,5.2,1.56,0.5,18.1,19.1,31,199.4,0.88,1.06,6,9.81,27.7,114.6,1.13,4.1,6.06,5.31,49.1,2.25,35.1,12.6,-8.39
San Francisco 49ers,2017,20.7,349.2,66.1,5.3,1.44,0.5,20.1,22.6,37.9,245.3,0.94,0.94,6,12.9,25.5,103.9,0.94,4.1,5.5,7.69,61.8,1.69,37.5,12,-10.87
Green Bay Packers,2017,20,305.7,62.4,4.9,1.56,0.44,19.2,22,35.1,197.9,1.56,1.13,5.2,11,24.1,107.8,0.81,4.5,6.19,6,49.3,2,30.5,13.2,-3.86
Buffalo Bills,2017,18.9,302.6,63.1,4.8,1,0.38,17.4,18.1,29.8,176.6,1,0.63,5.4,9.31,30.4,126.1,0.75,4.1,6.56,6.13,54.5,1.5,31.7,8.9,-9.76
Las Vegas Raiders,2017,18.8,324.1,59.5,5.4,1.75,0.88,17.9,21.7,34.9,226.9,1.44,0.88,6.2,11.1,23.1,97.1,0.81,4.2,4.88,7.13,63.1,1.94,29.2,15.2,-5.29
New York Jets,2017,18.6,305.3,61.5,5,1.5,0.75,16.8,20.2,31.9,198.9,1.19,0.75,5.7,9.81,26.7,106.4,0.81,4,4.81,7.44,64.7,2.19,28.6,11.1,-7.49
Arizona Cardinals,2017,18.4,314.1,66.3,4.7,1.56,0.44,19.4,21.2,37.4,227.5,1.31,1.13,5.6,12.5,25.6,86.6,0.38,3.4,4.13,6.88,55,2.75,29.2,12.4,-11.62
Cincinnati Bengals,2017,18.1,280.5,57.9,4.8,1.44,0.69,16.7,19,31.9,195.1,1.56,0.75,5.7,10.3,23.6,85.4,0.38,3.6,4.5,6.88,64.2,1.88,26.5,11.4,-6.78
Denver Broncos,2017,18.1,324.1,67.2,4.8,2.13,0.75,18.6,20.8,35.4,208.3,1.19,1.38,5.4,11.3,28.6,115.8,0.5,4.1,5.75,7.06,55.3,1.56,26.4,16.6,-10.32
Miami Dolphins,2017,17.6,307.7,62.2,4.9,1.81,0.5,17.8,23.3,37.6,220.9,1.5,1.31,5.6,11.7,22.5,86.8,0.25,3.9,4.13,8.56,72.1,1.94,25.8,15.3,-9.76
Chicago Bears,2017,16.5,287.4,58.4,4.9,1.38,0.63,16.6,18.2,29.6,175.7,0.81,0.75,5.5,9,26.4,111.8,0.81,4.2,5.75,7.19,58.9,1.88,24.1,12.1,-7.2
Indianapolis Colts,2017,16.4,284.6,62.1,4.6,0.94,0.38,16.7,17.8,30.4,180.8,0.81,0.56,5.3,9.25,28.2,103.8,0.69,3.7,5.88,5.75,48.7,1.56,29.4,8.3,-11.86
New York Giants,2017,15.4,314.3,64.8,4.9,1.38,0.5,16.9,23.3,38,217.4,1.25,0.88,5.4,11.1,24.6,96.8,0.38,3.9,4.13,5.69,55.9,1.69,22.7,11.3,-10.47
Cleveland Browns,2017,14.6,308.9,63,4.9,2.56,0.81,18.1,19.5,35.9,201.8,0.94,1.75,5.2,9.81,24,107.1,0.69,4.5,6.06,6.88,57.8,2.25,22,21,-14.57
Atlanta Falcons,2016,33.8,415.8,62.2,6.7,0.69,0.25,23.7,23.4,33.6,295.3,2.38,0.44,8.2,14.9,26.3,120.5,1.25,4.6,6.75,6.5,53,2,52.6,6.3,13.3
New Orleans Saints,2016,29.3,426,69.1,6.2,1.5,0.56,24.7,29.5,42.1,317.1,2.38,0.94,7.2,16.6,25.3,108.9,1.06,4.3,6.56,6.69,60.6,1.56,45.9,12.7,4.8
New England Patriots,2016,27.6,386.3,66,5.9,0.69,0.56,21.9,23,34.4,269.3,2,0.13,7.5,12.7,30.1,117,1.19,3.9,6.81,5.81,51.2,2.44,42.9,4.9,7.09
Green Bay Packers,2016,27,368.8,64.3,5.7,1.06,0.56,21.8,25.2,38.8,262.4,2.5,0.5,6.4,13.9,23.4,106.3,0.69,4.5,5.69,6.25,51.7,2.25,43.8,9.1,7.2
Dallas Cowboys,2016,26.3,376.7,63.1,6,0.94,0.56,22.4,20.3,30.2,226.9,1.56,0.38,7.1,11.9,31.2,149.8,1.5,4.8,8.88,6.56,54.9,1.56,43.9,8.7,5.39
Arizona Cardinals,2016,26.1,366.8,67.9,5.4,1.75,0.69,23,23.9,40.4,258.5,1.75,1.06,6,14.3,24.9,108.3,1.25,4.3,6.06,6.5,55.6,2.63,35,14.2,-1.61
Las Vegas Raiders,2016,26,373.3,65.5,5.7,0.88,0.44,20.8,23.7,37.3,253.2,1.81,0.44,6.6,12.4,27.1,120.1,1.06,4.4,6.13,9.19,77.9,2.31,38.7,7.2,-1.53
Indianapolis Colts,2016,25.7,364.4,64.8,5.6,1.38,0.44,21.9,23.1,36.5,262.6,2,0.94,6.7,13.8,25.6,101.8,0.81,4,5.81,6.44,55.2,2.38,40.6,12.2,4.26
Los Angeles Chargers,2016,25.6,356.8,63.4,5.6,2.19,0.88,21.3,21.8,36.3,262.4,2.06,1.31,6.8,13.4,24.9,94.4,0.63,3.8,5.63,6.69,48.8,2.25,38.1,18.2,-1.82
Buffalo Bills,2016,24.9,354.1,63.3,5.6,0.75,0.31,20.5,17.9,29.6,189.8,1.06,0.44,5.8,9.69,30.8,164.4,1.81,5.3,9.13,7,60,1.69,36.7,6.8,3.8
Pittsburgh Steelers,2016,24.9,372.6,64.1,5.8,1.13,0.19,21,23.8,37.3,262.6,2.06,0.94,6.8,13.1,25.6,110,0.81,4.3,6.06,7,66.8,1.81,38.5,9.9,-1.41
Washington Commanders,2016,24.8,403.4,63.1,6.4,1.31,0.56,21.6,25.4,37.9,297.4,1.56,0.75,7.6,14.1,23.7,106,1.06,4.5,5.56,6.88,56.8,1.88,43.4,11.4,6.58
Kansas City Chiefs,2016,24.3,343,61.9,5.5,1.06,0.56,19.1,22.8,34.1,233.8,1.19,0.5,6.5,12.3,25.8,109.3,0.94,4.2,5.38,6.81,53,1.38,37.1,9,-1.44
Tennessee Titans,2016,23.8,358,63,5.7,1.13,0.44,20.1,19.2,31.5,221.3,1.81,0.69,6.7,10.9,29.8,136.7,1,4.6,7.19,6.88,63.3,2,36.4,9.8,-0.63
Carolina Panthers,2016,23.1,343.7,65.8,5.2,1.81,0.63,19.9,19.1,35.2,230.3,1.31,1.19,6.2,12.1,28.3,113.4,1,4,6.19,6.13,52.2,1.56,34.7,14,-5.08
Philadelphia Eagles,2016,22.9,337.4,67.5,5,1.25,0.38,20.8,23.8,38.1,224.1,1,0.88,5.6,12,27.4,113.3,1,4.1,7.13,7.06,59.1,1.69,37.6,11.2,-2.83
Miami Dolphins,2016,22.7,332.8,57.1,5.8,1.44,0.5,17.4,19.8,29.8,218.8,1.69,0.94,6.9,10.4,25.4,114,0.88,4.5,5.63,7.81,71.4,1.31,30.7,11.1,-3.02
Seattle Seahawks,2016,22.1,357.2,63.3,5.6,1.13,0.38,19.6,23,35.4,257.8,1.44,0.75,6.8,12.7,25.2,99.4,0.81,3.9,5.31,7.31,60.6,1.56,37.3,9.7,-0.72
Tampa Bay Buccaneers,2016,22.1,346.4,66.6,5.2,1.69,0.56,21.3,22.2,36.1,245.4,1.81,1.13,6.4,13.8,28.3,101,0.5,3.6,5,6.81,57.9,2.5,32.4,14.8,-2.08
Detroit Lions,2016,21.6,338.8,61.3,5.5,0.94,0.31,20.6,24.3,37.1,256.9,1.5,0.63,6.5,13.6,21.9,81.9,0.56,3.7,4.75,6.25,53.8,2.25,41,9,1.93
Baltimore Ravens,2016,21.4,347.7,67.4,5.2,1.44,0.44,19.8,27.4,42.4,256.3,1.25,1,5.8,12.8,22.9,91.4,0.63,4,4.94,7.81,69.4,2,35.6,10.5,-5.4
Denver Broncos,2016,20.8,323.1,63.8,5.1,1.56,0.88,18.1,21.2,35.6,230.3,1.25,0.69,6,11.3,25.6,92.8,0.69,3.6,4.75,7.44,61.6,2.06,30.3,11.6,-5.94
Minnesota Vikings,2016,20.4,315.1,62.9,5,1,0.69,18.9,25.9,36.8,239.8,1.25,0.31,6.1,13.1,23.8,75.3,0.56,3.2,4.13,6.44,55.1,1.75,32.8,7.5,-3.81
Cincinnati Bengals,2016,20.3,356.9,65.6,5.4,1.06,0.56,21.3,22.8,35.2,246.4,1.13,0.5,6.5,12.8,27.9,110.6,1.06,4,6.25,5.5,45.4,2.31,35.8,8.5,1.9
Jacksonville Jaguars,2016,19.9,334.9,65.8,5.1,1.81,0.81,20.1,23.1,39.1,233,1.5,1,5.6,12.9,24.5,101.9,0.5,4.2,4.69,8.06,74.2,2.44,31.4,13.6,-4.22
New York Giants,2016,19.4,330.7,63.6,5.2,1.69,0.69,18.1,23.6,37.4,242.4,1.63,1,6.3,11.9,24.9,88.3,0.38,3.5,4.56,5.5,53.6,1.63,27.5,13,-4.64
San Francisco 49ers,2016,19.3,308.1,62.3,4.9,1.56,0.94,17.9,17.9,30.7,181.9,1.31,0.63,5.4,9.5,28.6,126.2,0.94,4.4,7.25,6.19,51.9,1.19,27.4,10.7,-4.73
Houston Texans,2016,17.4,314.7,66.9,4.7,1.5,0.5,19.1,21.7,36.4,198.5,0.94,1,5.2,10.8,28.5,116.2,0.5,4.1,6.38,5.44,54.3,1.88,31.4,11.4,-6.39
Chicago Bears,2016,17.4,356.5,60.4,5.9,1.94,0.75,20.3,21.7,34.9,248.1,1.19,1.19,6.8,13.3,23.8,108.4,0.63,4.6,5.81,6.88,60.4,1.19,27.3,17.4,-4.38
New York Jets,2016,17.2,329.3,62.7,5.3,2.13,0.56,18.2,19.4,34.4,216.6,1,1.56,5.9,10.4,26.1,112.6,0.63,4.3,6.06,5.81,52.3,1.75,29.7,17.8,-4.98
Cleveland Browns,2016,16.5,311,61.4,5.1,1.56,0.69,18.5,21.1,35.4,204,0.94,0.88,5.2,11.3,21.9,107,0.81,4.9,5.19,5.94,46,2,27.2,13.3,-4.53
Los Angeles Rams,2016,14,262.7,60,4.4,1.81,0.56,15.3,19.5,33.5,184.4,0.88,1.25,5,9.44,23.4,78.3,0.56,3.3,4.25,7.88,68.2,1.63,21.8,14.5,-11.9
Carolina Panthers,2015,31.3,366.9,66.3,5.5,1.19,0.56,22.3,18.8,31.3,224.3,2.19,0.63,6.7,12.3,32.9,142.6,1.19,4.3,8.5,6.44,55.4,1.5,42.9,9.6,7.21
Arizona Cardinals,2015,30.6,408.3,65.1,6.3,1.5,0.69,23.3,22.1,35.1,288.5,2.19,0.81,7.8,14.8,28.3,119.8,1,4.2,5.75,5.88,47.4,2.75,42.5,11.8,9.28
New England Patriots,2015,29.1,374.4,65.6,5.7,0.88,0.44,21.8,25.3,39.3,286.7,2.25,0.44,6.9,14.4,23.9,87.8,0.88,3.7,5.44,6,53.8,1.94,43.2,5.7,8.63
Seattle Seahawks,2015,26.4,378.6,64.7,5.9,1,0.5,20.9,20.8,30.6,236.9,2.13,0.5,7.1,11.9,31.3,141.8,0.63,4.5,8,7.31,62.9,1.06,42,8.6,8.08
Pittsburgh Steelers,2015,26.4,395.4,63.2,6.3,1.75,0.44,20.7,24.4,36.9,287.7,1.63,1.31,7.4,12.9,24.3,107.8,1,4.4,5.69,5.88,54.3,2.06,40.5,13.7,1.44
New York Giants,2015,26.3,372,65.8,5.7,1.31,0.44,20.7,24.5,38.9,271.4,2.25,0.88,6.7,13,25.2,100.6,0.31,4,4.81,6.38,48.6,2.88,38.2,11.3,1.95
Cincinnati Bengals,2015,26.2,358,62.8,5.7,1.06,0.5,20.3,20.9,31.6,245.2,1.94,0.56,7.3,11.9,29.2,112.8,1.13,3.9,6.19,6.94,57.3,2.13,39.6,9.3,5.16
New Orleans Saints,2015,25.5,403.8,68.5,5.9,1.25,0.5,23.8,28.8,41.7,310.6,2,0.75,7.1,15.4,24.8,93.2,1,3.8,6.13,8.13,69.5,2.25,36.3,10.4,9.17
Kansas City Chiefs,2015,25.3,331.2,59.7,5.5,0.94,0.5,18.9,19.4,29.6,203.4,1.25,0.44,6.3,9.69,27.3,127.8,1.19,4.7,7.25,6.5,54.9,2,37.9,7.1,2.6
Washington Commanders,2015,24.3,353.8,63.2,5.6,1.38,0.69,19.8,24.1,34.7,255.9,1.88,0.69,7,13,26.8,97.9,0.56,3.7,5.06,6.56,51.8,1.75,36.1,11.1,3.43
New York Jets,2015,24.2,370.3,67.1,5.5,1.5,0.5,20.6,22.6,37.8,253.6,2.06,1,6.5,13.1,28,116.8,0.69,4.2,6.19,6,49.2,1.25,35.7,11.6,4.52
Buffalo Bills,2015,23.7,360.9,63.5,5.7,1.19,0.63,18.6,18.4,29.1,208.9,1.44,0.56,6.6,9.69,31.8,152,1.19,4.8,7.63,8.94,78.1,1.25,34.9,8.6,2.36
Philadelphia Eagles,2015,23.6,364.4,68.9,5.3,1.94,0.81,21.2,25.3,38.9,255.4,1.44,1.13,6.2,12.1,27.6,108.9,0.94,3.9,6.88,6.5,51.2,2.25,29.1,15.3,0.07
Jacksonville Jaguars,2015,23.5,348.8,63.3,5.5,1.75,0.63,19.6,22.2,37.9,256.8,2.19,1.13,6.2,13.4,22.1,92.1,0.31,4.2,4.31,6.56,55,1.81,34.2,14,-1.76
Green Bay Packers,2015,23,334.6,66,5.1,1.06,0.56,19.8,21.8,35.8,218.9,1.94,0.5,5.7,10.8,27.3,115.6,0.5,4.2,6.25,6.56,56.6,2.75,33.3,8.9,2.54
Minnesota Vikings,2015,22.8,321.2,60.8,5.3,1.06,0.5,18.6,18.4,28.4,183,0.88,0.56,5.9,9.56,29.6,138.2,1.13,4.7,7.06,5.5,49.8,1.94,38.4,9.3,1.84
Las Vegas Raiders,2015,22.4,333.5,63,5.3,1.5,0.63,18.8,23.3,37.8,242.4,2.13,0.88,6.1,12.1,23.1,91.1,0.44,3.9,4.63,8.69,68.9,2.06,31.8,10.3,0.29
Detroit Lions,2015,22.4,346.7,64.4,5.4,1.5,0.63,21.1,26.3,39.5,263.3,2.06,0.88,6.2,14.8,22.1,83.4,0.44,3.8,4.44,6.5,58.1,1.88,34.6,12.3,1.99
Denver Broncos,2015,22.2,355.5,66,5.4,1.94,0.5,19.6,23,37.9,248.1,1.19,1.44,6.2,12.6,25.7,107.4,0.81,4.2,5.31,7.19,66.4,1.75,31.2,15.1,-3.19
Tampa Bay Buccaneers,2015,21.4,375.9,63.6,5.9,1.75,0.81,21,19.5,33.4,240.8,1.38,0.94,6.9,12.6,28.4,135.1,0.75,4.8,6.19,8.94,74.7,2.25,35.8,14.8,2.54
Atlanta Falcons,2015,21.2,374.1,67.1,5.6,1.88,0.81,22.4,25.6,38.8,273.7,1.31,1.06,6.7,14.4,26.3,100.4,0.81,3.8,5.94,6.25,60.6,2.13,34.5,17.2,3.29
Houston Texans,2015,21.2,347.8,70.4,4.9,1.25,0.5,20.9,22.4,38.7,239.6,1.81,0.75,5.9,13.1,29.5,108.2,0.44,3.7,5.63,6.69,56.9,2.19,28.9,9.8,-2.38
Chicago Bears,2015,20.9,344.6,64.1,5.4,1.31,0.56,19.5,20.9,32.7,228.8,1.31,0.75,6.6,11.1,29.3,115.9,0.81,4,6.75,6.19,56.8,1.69,37.4,11.2,0.53
Indianapolis Colts,2015,20.8,321.4,65.8,4.9,1.88,0.69,19.4,22.2,38.7,231.5,1.63,1.19,5.6,12.2,24.8,89.9,0.38,3.6,4.81,6.75,58.2,2.44,29.4,14.4,-3.21
Baltimore Ravens,2015,20.5,359.3,67.7,5.3,1.75,0.44,20.2,26.6,42.3,266.9,1.31,1.31,6.1,13.2,23.9,92.4,0.5,3.9,5.56,7.63,72.1,1.44,33.3,14,-2.95
Los Angeles Chargers,2015,20,371.8,68.8,5.4,1.5,0.69,21.5,27.6,41.7,286.9,1.88,0.81,6.5,14.4,24.6,84.9,0.25,3.5,4.94,7.31,58.9,2.19,33.7,12.4,0.67
Miami Dolphins,2015,19.4,331.7,61.1,5.4,1.19,0.44,18.2,22.8,36.8,238.2,1.5,0.75,6,12.1,21.5,93.5,0.69,4.3,4.5,8.38,68.1,1.56,25.7,9.6,-0.3
Tennessee Titans,2015,18.7,311.8,61,5.1,2.06,1,18.6,21.4,34.4,218.9,1.56,1.06,5.8,12.2,23.2,92.8,0.63,4,4.13,5.81,48.7,2.31,25.7,16.2,-5.61
Los Angeles Rams,2015,17.5,297.6,57.5,5.2,1.38,0.69,15.1,17.1,29.6,175.3,0.69,0.69,5.7,7.88,26.8,122.3,1,4.6,5.75,7.63,66.1,1.44,24.5,10.2,-5.48
Cleveland Browns,2015,17.4,331.9,65.1,5.1,1.88,1.13,19.2,23.2,38.1,236.4,1.25,0.75,5.7,12,23.8,95.6,0.31,4,5.06,7.5,67.7,2.13,29.8,15.2,-4.14
Dallas Cowboys,2015,17.2,335.1,60.6,5.5,2.06,0.69,19.2,20.9,33,216.9,1,1.38,6.2,10.9,25.5,118.1,0.5,4.6,5.88,7,55.1,2.38,31.4,18,-3.25
San Francisco 49ers,2015,14.9,303.8,60.6,5,1.06,0.31,16.3,20.1,32.9,207.3,1,0.75,5.7,9.63,24.4,96.5,0.44,4,5.19,7.06,51.4,1.5,25.8,8.2,-2.93
Green Bay Packers,2014,30.4,386.1,62.6,6.2,0.81,0.44,22.3,21.8,33.5,266.3,2.38,0.38,7.5,13.9,27.2,119.8,0.88,4.4,6.5,5.75,48.4,1.88,46.7,7.1,10.8
Denver Broncos,2014,30.1,402.9,66.7,6,1.25,0.31,22.5,24.9,37.9,291.3,2.5,0.94,7.5,14.2,27.7,111.6,0.94,4,6.13,7.5,65.3,2.19,39.9,9.6,8.78
Philadelphia Eagles,2014,29.6,396.8,70.4,5.6,2.25,0.94,22.3,24,38.8,272.3,1.69,1.31,6.7,13.6,29.6,124.5,1,4.2,6.81,7.19,62.2,1.81,36.9,17.2,2.2
New England Patriots,2014,29.3,365.5,67.1,5.5,0.81,0.25,22.6,24.5,38.1,257.6,2.13,0.56,6.5,14.3,27.4,107.9,0.81,3.9,6,7.5,67.5,2.31,45.3,7.2,11.3
Dallas Cowboys,2014,29.2,383.6,63.4,6.1,1.56,0.88,21.4,20.5,29.8,236.5,2.31,0.69,7.5,12.8,31.8,147.1,1,4.6,6.63,6.56,52.4,1.94,43.6,12.8,10.9
Indianapolis Colts,2014,28.6,406.6,69.1,5.9,1.94,0.94,23.2,25.6,41.3,305.9,2.63,1,7.1,15.7,25.9,100.8,0.56,3.9,5,6.56,53,2.5,39.5,14.6,5.23
Pittsburgh Steelers,2014,27.3,411.1,66.8,6.2,1.31,0.69,23.7,25.7,38.3,301.6,2.06,0.63,7.5,15.2,26.4,109.5,0.63,4.1,6.13,6.44,52.1,2.38,41.4,11.5,9.79
Baltimore Ravens,2014,25.6,364.9,63.8,5.7,1.25,0.5,21.6,21.5,34.6,238.7,1.69,0.75,6.7,12.1,28,126.2,1,4.5,7.06,6.94,54.4,2.38,39.6,9.9,8.45
New Orleans Saints,2014,25.1,411.4,68.4,6,1.88,0.81,24.7,28.5,41.2,297.8,2.06,1.06,6.9,16.1,25.4,113.6,1,4.5,6.31,5,41.9,2.25,39.1,16.7,9.47
Seattle Seahawks,2014,24.6,375.8,63.8,5.9,0.88,0.44,20.5,17.9,28.4,203.1,1.25,0.44,6.6,10,32.8,172.6,1.25,5.3,9,8.13,63.1,1.5,40.6,6.9,8.57
Miami Dolphins,2014,24.3,350.1,65,5.4,1.44,0.69,22.6,24.6,37.2,233.1,1.69,0.75,5.8,14.1,24.9,117,0.75,4.7,6.19,5.06,39.7,2.25,37.6,10.5,4.67
Atlanta Falcons,2014,23.8,378.2,64.7,5.8,1.44,0.5,20.6,26.1,39.5,284.6,1.75,0.94,6.9,14.6,23.3,93.6,0.69,4,4.69,6.06,52.5,1.38,38.9,13.1,3.85
New York Giants,2014,23.8,367.2,67.9,5.4,1.75,0.88,21,23.9,37.9,267,1.88,0.88,6.7,13.6,28.1,100.2,0.81,3.6,5.19,6.31,56,2.19,34.7,12.4,2.54
Houston Texans,2014,23.3,344.6,66.4,5.2,1.38,0.56,19.6,18.4,30.3,209.5,1.38,0.81,6.6,10.7,34.4,135.1,0.75,3.9,6.75,5.88,52.1,2.13,33,11.3,0.81
Cincinnati Bengals,2014,22.8,348,63.6,5.5,1.63,0.56,19.6,20.2,31.4,213.8,1.25,1.06,6.5,10.3,30.8,134.2,1.19,4.4,7.63,6.38,50.8,1.69,34,13.1,0.86
Kansas City Chiefs,2014,22.1,318.8,60.1,5.3,1.06,0.69,19.3,20,30.8,198.9,1.13,0.38,5.9,11.5,26.3,119.9,1.13,4.6,5.75,5.5,42.6,2.06,35.8,9.2,3.29
Los Angeles Chargers,2014,21.8,341.6,63.1,5.4,1.44,0.31,20.4,23.8,35.9,256.1,1.94,1.13,6.7,13.4,24.9,85.4,0.38,3.4,4.69,6.94,60.4,2.31,33.9,12.6,4.06
Buffalo Bills,2014,21.4,318.5,63.8,5,1.44,0.63,17.1,22.7,36.2,225.9,1.44,0.81,5.8,11.6,25.1,92.6,0.44,3.7,4.06,7.75,64.4,1.38,32.5,11.2,-2.71
Carolina Panthers,2014,21.2,346.7,66.3,5.2,1.44,0.69,21.7,20.4,34.1,219.4,1.44,0.75,6,12.4,29.6,127.3,0.63,4.3,7.31,5.19,47.3,1.94,34.8,11.8,2.75
Minnesota Vikings,2014,20.3,315.5,61.3,5.1,1.25,0.13,18,20.1,32.3,202.8,1.06,1.13,5.7,10.7,25.8,112.8,0.75,4.4,5.63,6.25,52.3,1.69,31.8,10.8,0.41
Los Angeles Rams,2014,20.3,314.7,59.8,5.3,1.69,0.69,18,20.4,32.2,212.5,1.25,1,6,11.8,24.7,102.2,0.69,4.1,4.94,7.69,71.2,1.25,29.6,14,-2.76
Detroit Lions,2014,20.1,340.8,65.3,5.2,1.25,0.5,19.4,22.8,37.8,251.9,1.38,0.75,6.2,13.1,24.8,88.9,0.69,3.6,4.5,7.38,61.8,1.75,32.4,9.5,3.16
Chicago Bears,2014,19.9,327.1,62.8,5.2,1.81,0.63,20.1,24.8,38.1,237,1.88,1.19,5.8,12.1,22.2,90.1,0.5,4.1,5.69,7.06,62.3,2.31,27.8,16.1,-0.74
Arizona Cardinals,2014,19.4,319.8,62.1,5.2,1.06,0.31,18.9,20,35.5,238,1.31,0.75,6.4,11.9,24.8,81.8,0.38,3.3,4.19,5.69,44.2,2.75,30.9,9.4,-0.61
San Francisco 49ers,2014,19.1,327.4,63.1,5.2,1.38,0.75,18.9,18.3,30.4,191.4,1.25,0.63,5.7,10.3,29.4,136,0.63,4.6,6.5,7.25,58.6,2.13,30.9,11.8,0.86
Washington Commanders,2014,18.8,358.6,62.9,5.7,1.94,0.81,19.9,22.8,34.2,252.9,1.13,1.13,6.7,11.6,25.1,105.7,0.94,4.2,5.5,7.5,70.6,2.75,29.7,15.6,0.88
Cleveland Browns,2014,18.7,324.6,63.1,5.1,1.44,0.44,18.4,17.1,31.4,216.6,0.75,1,6.5,11.2,29.8,108,1.06,3.6,5.5,7.25,58.3,1.69,28,10.9,-1.32
New York Jets,2014,17.7,326.6,65.8,5,1.5,0.56,18.1,17.9,31.1,184.1,1,0.94,5.4,9.63,31.7,142.5,0.69,4.5,7,6.81,58.3,1.44,31.7,11.8,-2.81
Tampa Bay Buccaneers,2014,17.3,292,58.5,5,2.06,0.81,16.4,18.8,33.2,206.1,1.31,1.25,5.7,10.1,22.1,85.9,0.44,3.9,4.5,7.38,58.7,1.81,26.7,17.2,-4.2
Tennessee Titans,2014,15.9,303.7,57.4,5.3,1.63,0.63,16.1,18.7,32.1,213.3,1.25,1,6.1,9.94,22.3,90.4,0.38,4.1,4.69,6.94,60.1,1.5,23.6,12.6,-5.55
Las Vegas Raiders,2014,15.8,282.2,62.1,4.5,1.81,0.81,15.5,22.8,39.3,204.7,1.38,1,5,10.8,21.1,77.5,0.25,3.7,3.5,7.25,58.7,1.19,22.7,13.6,-8.72
Jacksonville Jaguars,2014,15.6,289.6,61.8,4.7,1.63,0.5,16.9,20.3,34.8,187.6,0.94,1.13,4.8,9.63,22.5,102.1,0.56,4.5,5.38,4.56,35.8,1.94,22.6,12.8,-7.53
Denver Broncos,2013,37.9,457.3,72.3,6.3,1.63,1,27.2,28.8,42.2,340.3,3.44,0.63,7.8,18.3,28.8,117.1,1,4.1,6.69,7.31,62.5,2.19,47.5,10.4,17.3
Chicago Bears,2013,27.8,381.8,63.3,6,1.44,0.63,21.5,23.3,36.2,267.6,2,0.81,7,13.4,25.3,114.3,0.81,4.5,6.38,5.31,44.3,1.69,39,12.1,4.71
New England Patriots,2013,27.8,384.5,71.1,5.4,1.25,0.56,23.6,23.8,39.3,255.4,1.56,0.69,6.1,14.1,29.4,129.1,1.19,4.4,6.88,4.31,39.1,2.69,40.8,10,6.28
Philadelphia Eagles,2013,27.6,417.3,65.9,6.3,1.19,0.63,22.2,19.4,31.8,256.9,2,0.56,7.4,12.3,31.3,160.4,1.19,5.1,8.31,5.94,52.9,1.56,36.8,9,8.38
Dallas Cowboys,2013,27.4,341.1,59.8,5.7,1.25,0.5,20.3,23.4,36.6,247.1,2.06,0.75,6.4,13.3,21,94,0.75,4.5,5,6.38,54.2,2,39.9,9.8,5.56
Cincinnati Bengals,2013,26.9,368.2,68.6,5.4,1.88,0.63,20.6,22.8,36.7,258.5,2.06,1.25,6.7,12.8,30.1,109.7,0.88,3.6,6.31,6.38,62.5,1.5,32.3,14.9,2.09
Kansas City Chiefs,2013,26.9,337.3,64.3,5.2,1.13,0.63,20.2,20.8,34.1,208.8,1.5,0.5,5.7,11.2,27.6,128.5,1.06,4.7,6.88,6.31,48.4,2.13,32,9.1,2.43
Green Bay Packers,2013,26.1,400.3,67.1,6,1.56,0.56,21.9,22.9,35.6,266.8,1.56,1,6.9,12.6,28.7,133.5,1.06,4.7,7.44,5.38,50.1,1.94,40.9,12.4,7.11
Seattle Seahawks,2013,26.1,339,60.8,5.6,1.19,0.63,19.2,16.7,26.3,202.3,1.69,0.56,7,10,31.8,136.8,0.88,4.3,7.25,8,73.9,1.94,40.7,9.3,3.78
New Orleans Saints,2013,25.9,399.4,67.4,5.9,1.19,0.44,22.4,27.9,40.7,307.4,2.44,0.75,7.1,15.3,24.4,92.1,0.63,3.8,5.44,5.94,51.1,1.75,40.3,8.3,10.6
San Francisco 49ers,2013,25.4,323.8,60.1,5.4,1.13,0.63,17.9,15.3,26.1,186.2,1.31,0.5,6.5,9.25,31.6,137.6,1.13,4.4,7.19,6.44,52.8,1.44,37.8,9,3.63
Los Angeles Chargers,2013,24.8,393.3,66.3,5.9,1.31,0.63,23.3,23.6,34,270.5,2,0.69,7.5,14.4,30.4,122.8,0.56,4,6.5,5.94,47.8,2.44,44.9,11.4,11.6
Detroit Lions,2013,24.7,392.1,68.9,5.7,2.13,0.94,21.9,23.2,39.6,280.1,1.81,1.19,6.8,13.8,27.8,112,0.94,4,6.63,6.88,57.8,1.44,32.1,17.3,1.6
Indianapolis Colts,2013,24.4,341.8,63.9,5.3,0.88,0.25,19.9,21.9,36.4,232.8,1.44,0.63,6.1,11.9,25.6,108.9,0.94,4.3,5.5,4.13,36,2.44,38.8,6.9,6.13
Minnesota Vikings,2013,24.4,344.3,63.3,5.4,2,0.81,19.3,20.3,34.1,214.2,1.13,1.19,5.8,10.8,26.4,130.1,1.44,4.9,6.63,4.38,43.4,1.88,34.4,14.9,1.53
Arizona Cardinals,2013,23.7,346.4,64.8,5.3,1.94,0.56,20.6,22.7,35.9,250.1,1.5,1.38,6.5,12.8,26.4,96.3,0.75,3.6,5.25,6,46.5,2.5,33,15.5,-0.36
Pittsburgh Steelers,2013,23.7,337.5,63.9,5.3,1.5,0.63,19.5,23.6,36.6,251.1,1.75,0.88,6.4,12.9,24.6,86.4,0.56,3.5,5.06,5,42.3,1.5,35.4,12.7,1.68
Carolina Panthers,2013,22.9,316.8,62.4,5.1,1.19,0.38,19.9,18.3,29.6,190.2,1.5,0.81,5.9,10.6,30.2,126.6,0.88,4.2,7.63,5,41.9,1.75,36.5,9.4,5.65
Tennessee Titans,2013,22.6,336.9,64.5,5.2,1.56,0.56,19.4,20.5,33.3,218.5,1.38,1,6.1,10.8,28.9,118.4,1,4.1,6.44,6.31,56.3,2.25,34.2,11.4,2.91
Atlanta Falcons,2013,22.1,343.1,64,5.4,1.75,0.69,20.6,27.8,41.2,265.2,1.63,1.06,6,14.2,20.1,77.9,0.69,3.9,4,5.69,49.3,2.44,34.1,14.5,3.03
Los Angeles Rams,2013,21.8,304.8,60.5,5,1.31,0.63,17.6,18.8,31.6,195.3,1.38,0.69,5.8,10.3,26.6,109.5,0.63,4.1,5.13,7.69,63.1,2.19,31.5,11.4,-0.7
Buffalo Bills,2013,21.2,338.1,69.8,4.8,1.69,0.75,18.8,18.7,32.6,193.9,1,0.94,5.4,9.31,34.1,144.2,0.94,4.2,7.06,6.88,59.6,2.44,29.9,12.1,-3.69
Washington Commanders,2013,20.9,369.7,69.2,5.3,2.13,0.94,20.6,22.2,38.2,234.4,1.25,1.19,5.7,12.4,28.3,135.3,0.88,4.8,7,6.19,50.1,1.19,27.6,16.6,-2.67
Las Vegas Raiders,2013,20.1,333.8,62.5,5.3,1.94,0.69,17.2,18.6,32.4,208.8,1.06,1.25,5.9,10.5,27.3,125,1,4.6,5.63,7.25,57,1.06,27.8,14.9,-3.26
Baltimore Ravens,2013,20,307.4,68.1,4.5,1.81,0.38,18.4,22.7,38.7,224.4,1.19,1.44,5.4,11.8,26.4,83,0.44,3.1,4.25,7,58.9,2.38,30.9,13.5,-5.96
Miami Dolphins,2013,19.8,312.9,62.6,5,1.63,0.44,17.4,22.3,37.1,222.9,1.5,1.19,5.5,12.8,21.8,90,0.5,4.1,3.81,4.38,37.4,0.75,29.9,13.4,-1.17
Cleveland Browns,2013,19.3,338.9,67.4,5,1.81,0.56,18.8,23.7,42.6,252.5,1.63,1.25,5.5,12.5,21.8,86.4,0.25,4,4.81,6.5,57.5,1.5,26.2,13.8,-5.21
New York Giants,2013,18.4,307.5,61.8,5,2.75,0.94,17.5,20.3,35.4,224.3,1.13,1.81,5.9,11,23.8,83.3,0.69,3.5,4.81,5.69,49.1,1.69,25.5,20.1,-6.68
New York Jets,2013,18.1,318.1,63.8,5,1.81,0.44,17.5,16.6,30,183.3,0.81,1.38,5.6,9.63,30.8,134.9,0.75,4.4,6.56,6.75,52.3,1.31,29.6,14.8,-5.93
Tampa Bay Buccaneers,2013,18,277,61.3,4.5,1.31,0.56,16.8,18.2,32.1,176.3,1.38,0.75,5,9.81,26.3,100.8,0.38,3.8,4.69,7.56,71,2.31,27.1,9.6,-4.97
Houston Texans,2013,17.3,347.3,68.1,5.1,1.94,0.56,19.2,23.2,39.6,238.3,1.19,1.38,5.6,12.4,25.9,108.9,0.44,4.2,5.63,7,71.1,1.19,25.9,14.9,-5.32
Jacksonville Jaguars,2013,15.4,293.8,63.8,4.6,1.69,0.38,16.9,21.8,37,215.1,1,1.31,5.4,11,23.6,78.8,0.44,3.3,4.44,6,49.8,1.5,23.6,13.8,-8.13
New England Patriots,2012,34.8,427.9,74.4,5.7,1,0.44,27.8,25.1,40.1,291.4,2.13,0.56,7,16,32.7,136.5,1.56,4.2,9.44,6.06,52.5,2.31,48.1,8.1,7.44
Denver Broncos,2012,30.1,397.9,68.1,5.8,1.56,0.88,23.8,25.1,36.8,283.4,2.31,0.69,7.4,14.5,30.1,114.5,0.75,3.8,7,6.25,50.3,2.25,39.9,12.2,3.39
New Orleans Saints,2012,28.8,410.9,66.7,6.2,1.5,0.31,22,26.4,41.9,312.3,2.69,1.19,7.2,16.7,23.1,98.6,0.63,4.3,4,6.5,56.9,1.31,37.4,12.1,4.65
Washington Commanders,2012,27.3,383.2,62.1,6.2,0.88,0.38,21.3,18.2,27.6,213.9,1.5,0.5,7.2,10.7,32.4,169.3,1.38,5.2,9,7.25,61.6,1.63,39.3,7.7,-1.03
Green Bay Packers,2012,27.1,359.4,65.1,5.5,1,0.5,21.3,23.4,34.9,253.1,2.5,0.5,6.6,13.3,27.1,106.4,0.56,3.9,5.31,6.44,57.7,2.69,37.6,8.1,1.61
New York Giants,2012,26.8,355.4,60.5,5.9,1.31,0.38,20.4,20.2,33.7,239.1,1.63,0.94,6.8,11.7,25.6,116.4,1.13,4.6,6.44,4.5,36.1,2.31,43.8,11.9,-0.92
Atlanta Falcons,2012,26.2,369.1,63.8,5.8,1.13,0.25,21.4,26.4,38.4,281.8,2,0.88,7,15.4,23.6,87.3,0.75,3.7,4.38,3.44,25.9,1.63,44,10.3,-1.13
Houston Texans,2012,26,372.1,68.1,5.5,1.06,0.25,21.3,22.1,34.6,239.4,1.38,0.81,6.6,12.8,31.8,132.7,1.19,4.2,7.13,6.75,54.6,1.38,35.6,8.4,-1.25
Seattle Seahawks,2012,25.8,350.6,60.9,5.8,1.13,0.5,19.4,16.2,25.3,189.4,1.69,0.63,6.9,9.56,33.5,161.2,1,4.8,8.06,6.88,55.6,1.81,39.4,10,0.57
Baltimore Ravens,2012,24.9,352.5,65.1,5.4,1,0.31,19.6,20.9,35,233.7,1.38,0.69,6.3,11.4,27.8,118.8,1.06,4.3,6.13,7.56,70.4,2.13,35.8,7.8,1.38
San Francisco 49ers,2012,24.8,361.8,60.6,6,1,0.5,20.1,18.1,27.3,206.1,1.44,0.5,6.9,10.8,30.8,155.7,1.06,5.1,8,6.81,60,1.38,39.3,7.9,-0.96
Cincinnati Bengals,2012,24.4,332.7,63.5,5.2,1.63,0.63,18.3,20.9,33.8,223.6,1.75,1,6.1,10.8,26.9,109.1,0.69,4.1,5.94,6.19,53.6,1.5,35.4,12.8,-5.66
Tampa Bay Buccaneers,2012,24.3,363.8,63,5.8,1.44,0.38,18.8,19.4,35.4,248.9,1.69,1.06,6.7,11.8,26,114.8,0.81,4.4,5.56,6.31,51.2,1.5,35.2,10.9,-2.06
Minnesota Vikings,2012,23.7,336.6,62.6,5.4,1.44,0.69,19.1,18.8,30.2,171.9,1.13,0.75,5.3,10.2,30.4,164.6,1,5.4,7.06,5.63,51.9,1.88,37.9,12.6,-3.74
Dallas Cowboys,2012,23.5,374.6,65.6,5.7,1.81,0.63,21.1,27.1,41.1,295.6,1.81,1.19,6.8,14.8,22.2,79.1,0.5,3.6,4.75,7.31,53.3,1.56,36.7,15,-2.44
Chicago Bears,2012,23.4,310.6,62.4,5,1.5,0.5,18.3,17.9,30.3,187.4,1.31,1,5.7,10.2,29.4,123.1,0.69,4.2,6.19,6.38,50.7,1.88,30.3,11.8,-7.2
Detroit Lions,2012,23.3,408.8,72.5,5.6,2.06,1,23.9,27.8,46.3,307.9,1.38,1.06,6.4,17,24.4,100.8,1.06,4.1,5.25,6.44,59,1.63,36,15.2,-3.73
Carolina Panthers,2012,22.3,360.7,61.8,5.8,1.38,0.63,20.5,17.8,30.6,230.2,1.19,0.75,7,10.7,28.9,130.5,1.31,4.5,7.69,6.13,52.2,2.13,32.6,10.3,0.13
Indianapolis Colts,2012,22.3,362.4,69.3,5.2,1.69,0.56,22.5,21.2,39.3,258,1.44,1.13,6.2,13,27.5,104.4,0.69,3.8,6.88,5.88,50.1,2.63,33.3,13.9,-4.57
Los Angeles Chargers,2012,21.9,297.3,61.8,4.8,1.63,0.69,18.3,21.1,33,205.9,1.63,0.94,5.7,11.5,25.7,91.3,0.25,3.6,5.06,6.44,49.8,1.75,30.6,13.9,-7.84
Buffalo Bills,2012,21.5,342.9,61.4,5.6,2.13,1.06,18.8,19.3,31.9,204.3,1.5,1.06,6,11,27.6,138.6,0.75,5,6.44,6.5,54.4,1.38,30,17.4,-6.27
Pittsburgh Steelers,2012,21,332.8,63.9,5.2,1.88,1,19.2,22.1,35.9,236.7,1.69,0.88,6.2,12.6,25.8,96.1,0.5,3.7,5,5.75,58.6,1.56,33.9,15.6,-6.75
Tennessee Titans,2012,20.6,313.1,59.8,5.2,1.75,0.75,16.3,19.9,33.8,207.7,1.06,1,5.7,10.4,23.6,105.4,0.63,4.5,4.38,6.63,52.9,1.5,27.7,14.9,-6.85
Cleveland Browns,2012,18.9,314.3,62.4,5,1.63,0.5,17.4,20.5,35.4,214.7,1,1.13,5.7,11.6,24.8,99.6,0.75,4,4.44,7.06,62.8,1.44,29.8,12,-8.73
Los Angeles Rams,2012,18.7,329,62.6,5.3,1.38,0.5,17.9,20.8,34.8,221.9,1.38,0.88,6,11.8,25.6,107.1,0.31,4.2,4.94,8.13,61.1,1.19,27.5,11,-8.52
Las Vegas Raiders,2012,18.1,344,64.5,5.3,1.63,0.63,18.8,23.5,39.3,255.3,1.5,1,6.2,12.5,23.5,88.8,0.25,3.8,4.5,6.75,58.7,1.75,31.4,12.8,-7.4
Miami Dolphins,2012,18,311.5,61.3,5.1,1.63,0.81,18,18.3,31.5,198.9,0.81,0.81,5.9,9.88,27.5,112.6,0.94,4.1,5.81,5.13,45.3,2.31,27.4,12.9,-5.54
New York Jets,2012,17.6,299.2,64.6,4.6,2.31,1.13,18.7,17,30.8,180.7,0.88,1.19,5.4,10.1,30.9,118.5,0.75,3.8,6.38,5.19,44.3,2.19,24.2,17.5,-10.41
Philadelphia Eagles,2012,17.5,354.1,67.4,5.3,2.31,1.38,20.8,22.9,38.6,236.9,1.13,0.94,5.7,11.9,25.8,117.1,0.63,4.5,6.94,6.13,50.8,1.94,29.9,17.9,-10.9
Jacksonville Jaguars,2012,15.9,299.3,62.1,4.8,1.63,0.56,16.8,20.5,36.6,213.7,1.25,1.06,5.4,9.81,22.4,85.6,0.31,3.8,4.75,6.31,59.7,2.25,25.5,12.8,-12.01
Arizona Cardinals,2012,15.6,263.1,63.6,4.1,2.13,0.81,15.4,21.1,38,187.8,0.69,1.31,4.5,10.5,22,75.3,0.63,3.4,3.63,6.38,53.6,1.25,22,14.8,-18.57
Kansas City Chiefs,2012,13.2,319.3,63.4,5,2.31,1.06,17.9,17.1,29.7,169.6,0.5,1.25,5.3,9,31.3,149.7,0.56,4.8,7.38,5.75,45.8,1.5,24.2,18.8,-12.72
Green Bay Packers,2011,35,405.1,61.8,6.6,0.88,0.38,22.1,23.5,34.5,307.8,3.19,0.5,8.3,14.4,24.7,97.4,0.75,3.9,5.56,4.75,36.9,2.13,48.3,6.1,5.78
New Orleans Saints,2011,34.2,467.1,69.8,6.7,1.19,0.31,26,29.5,41.4,334.2,2.88,0.88,7.8,17.5,26.9,132.9,1,4.9,7.25,6.19,53.2,1.25,51.4,10.9,10.4
New England Patriots,2011,32.1,428,67.6,6.3,1.06,0.31,24.9,25.1,38.3,317.8,2.44,0.75,7.9,16.4,27.4,110.3,1.13,4,6.69,5.44,50.9,1.88,47.2,8.3,6.19
Detroit Lions,2011,29.6,396.1,66.1,6,1.44,0.44,21.8,26.4,41.6,300.9,2.56,1,6.9,15.3,22.3,95.2,0.56,4.3,4.44,8,67.2,2.13,37.6,10.7,2.12
Carolina Panthers,2011,25.4,389.8,62.4,6.2,1.44,0.38,21.6,19.5,32.4,239.3,1.31,1.06,6.9,10.9,27.8,150.5,1.63,5.4,8.69,7.06,63.3,1.94,38.5,12.8,2.5
Los Angeles Chargers,2011,25.4,393.1,65.5,6,1.75,0.5,22.4,22.9,36.4,276.6,1.69,1.25,7.2,14.6,27.3,116.5,1,4.3,6.06,5.69,47.1,1.75,41.3,16.3,-1.9
Atlanta Falcons,2011,25.1,376.6,67.1,5.6,1.31,0.5,21.8,22.8,37.1,262,1.81,0.81,6.8,13.4,28.3,114.6,0.88,4,6.25,5.81,48.1,2.13,37.4,10.7,-1.4
Philadelphia Eagles,2011,24.8,399.1,64.8,6.2,2.38,0.81,22.3,20.6,34.6,256.9,1.38,1.56,7,12.3,28.1,142.3,1.25,5.1,8.38,6.69,53.3,1.56,34.7,17.9,-2.37
New York Giants,2011,24.6,385.1,64.3,6,1.5,0.5,20.7,22.4,36.8,295.9,1.81,1,7.7,13.5,25.7,89.2,1.06,3.5,5.25,5.88,49.7,1.94,32.5,11.5,-2.86
Houston Texans,2011,23.8,372.1,65.4,5.7,1.25,0.69,20.1,18,29.2,219.1,1.25,0.56,7,11,34.1,153,1.13,4.5,8.19,6.19,53.3,0.88,37.2,10.5,-3.94
San Francisco 49ers,2011,23.8,310.9,62.1,5,0.63,0.31,17.6,17.3,28.2,183.1,1.13,0.31,5.9,9.38,31.1,127.8,0.88,4.1,6.31,7.06,63.4,1.94,39.6,5.2,-9.54
Baltimore Ravens,2011,23.6,338.7,64.8,5.2,1.5,0.75,19.5,19.6,34,213.9,1.31,0.75,5.9,11.3,28.7,124.8,0.94,4.3,6.13,5.75,46.4,2.06,35.5,11.8,-4.56
New York Jets,2011,23.6,311.8,64.4,4.8,2.13,1,18.8,19.4,34.2,206.1,1.63,1.13,5.6,10.8,27.7,105.8,0.88,3.8,5.75,6.38,53.1,2.25,29.6,13.8,-9.81
Buffalo Bills,2011,23.3,351.5,62,5.7,1.88,0.31,19.6,22.3,36.1,231.4,1.5,1.56,6.2,11.3,24.4,120.1,0.75,4.9,6.25,5.38,46.4,2.06,31.2,15.9,-6.5
Dallas Cowboys,2011,23.1,375.5,63.6,5.9,1.31,0.56,20.4,23.5,35.6,262.6,2.06,0.75,6.9,13.7,25.5,112.9,0.31,4.4,5.69,7.13,51,1.06,37.8,11.4,-2.84
Las Vegas Raiders,2011,22.4,379.5,63.4,6,1.88,0.44,20.5,19.7,32.8,247.6,1.25,1.44,7.2,11.6,29.1,131.9,1,4.5,6.88,10.2,84.9,2,34.7,15.5,-9.44
Chicago Bears,2011,22.1,314.1,61.1,5.1,1.81,0.56,16.9,16.8,29.6,188.2,1.13,1.25,5.8,9.56,28.5,125.9,0.63,4.4,6.06,6.5,50,1.31,28.6,14.6,-12.06
Cincinnati Bengals,2011,21.5,319.9,63.4,5,1.38,0.5,17.8,19.3,33.4,208.8,1.31,0.88,6,10,28.4,111.1,0.63,3.9,5.81,6.19,54.6,2,32.5,9.6,-6.55
Minnesota Vikings,2011,21.3,329.7,62.9,5.2,1.63,0.56,18.6,17.9,31.9,184.8,1.25,1.06,5.3,9.94,28,144.9,1.13,5.2,7.38,6.81,56.8,1.25,31.7,13.2,-4.84
Miami Dolphins,2011,20.6,317.4,61.9,5.1,1.56,0.75,17.9,17.5,29.3,193.2,1.25,0.81,5.9,10.4,29.3,124.2,0.69,4.2,5.56,5.31,48.7,2,32.8,12.8,-7.91
Tennessee Titans,2011,20.3,335.1,61.5,5.4,1.38,0.5,17.6,22.1,36.5,245.2,1.38,0.88,6.5,11.6,23.5,89.9,0.5,3.8,4.44,6.5,60,1.56,31.4,11.7,-4.83
Pittsburgh Steelers,2011,20.3,372.3,63.4,5.9,1.75,0.81,21.3,21.3,33.7,253.4,1.31,0.94,7,13.8,27.1,118.9,0.81,4.4,6,6.31,53.4,1.5,33.9,16.7,-5.73
Seattle Seahawks,2011,20.1,303.8,62.7,4.8,1.44,0.56,16.6,18.7,31.8,194.1,0.94,0.88,5.6,9.56,27.8,109.8,0.94,4,5.56,8.63,65.4,1.44,27.8,11.6,-8.59
Arizona Cardinals,2011,19.5,324.5,62.1,5.2,2,0.56,17.9,19.2,34.4,222.9,1.31,1.44,5.9,10.9,24.3,101.6,0.75,4.2,5.19,6.63,62.8,1.75,26.1,15.6,-6.14
Denver Broncos,2011,19.3,316.6,63.6,5,1.88,1.06,17.9,13.6,26.8,152.1,1.25,0.81,5.2,8.13,34.1,164.5,0.69,4.8,8.06,6.31,52.7,1.69,24.5,14.2,-9.67
Washington Commanders,2011,18,336.7,64.5,5.2,2.19,0.69,19.5,21.6,36.9,235.8,1.19,1.5,6,12.8,25,100.9,0.5,4,4.94,5.69,56.1,1.81,30.9,18.6,-12.18
Tampa Bay Buccaneers,2011,17.9,319.3,60.4,5.3,2.5,1,17.3,22.8,36.8,228.1,1.06,1.5,5.9,11.3,21.6,91.1,0.56,4.2,4.63,7.69,62.9,1.44,28.7,20.4,-11.62
Jacksonville Jaguars,2011,15.2,259.3,62.6,4.1,1.44,0.5,15.7,15,29.3,136.2,0.75,0.94,4.2,7.63,30.6,123.1,0.56,4,6.44,4.81,42.5,1.63,22.7,11.3,-14.33
Indianapolis Colts,2011,15.2,286.8,59.4,4.8,1.81,0.94,16.1,18.9,33.4,187.2,0.88,0.88,5.3,10.6,23.9,99.6,0.5,4.2,4.31,4.75,34.3,1.19,24.2,15.6,-9.81
Cleveland Browns,2011,13.6,288.8,64,4.5,1.19,0.38,17.4,20,35.6,193.1,1,0.81,5.1,10.8,25.9,95.7,0.25,3.7,4.81,5.94,52.9,1.75,24.4,10,-11.26
Kansas City Chiefs,2011,13.3,310.8,63.8,4.9,1.75,0.63,17.3,18.7,31.3,192.5,0.81,1.13,5.8,10.2,30.4,118.3,0.31,3.9,5.56,6.88,57.3,1.56,22.2,12.7,-11.59
Los Angeles Rams,2011,12.1,283.6,63.3,4.5,1.44,0.81,16.7,18.3,34.3,179.4,0.56,0.63,4.8,9.94,25.6,104.2,0.44,4.1,4.94,7,56.2,1.81,18.9,11.2,-14.82
New England Patriots,2010,32.4,363.8,61.6,5.9,0.63,0.31,20.9,20.7,31.7,240.4,2.31,0.31,7.2,12.3,28.4,123.3,1.19,4.3,7.44,5.19,47.9,1.25,47,5.4,4.6
Los Angeles Chargers,2010,27.6,395.6,64.9,6.1,1.81,1,22.3,22.4,34,282.4,1.88,0.81,7.8,14.8,28.6,113.1,1.13,4,5.88,5.25,42.3,1.69,40.3,14.5,1.72
Philadelphia Eagles,2010,27.4,389.4,64.9,6,1.56,0.75,20.1,21.8,35.1,244.1,1.75,0.81,6.4,11.8,26.8,145.3,1.13,5.4,7.25,8.06,68.8,1.06,39.8,11.7,-0.69
Indianapolis Colts,2010,27.2,380.8,68,5.6,1.56,0.5,22.9,28.1,42.4,288.1,2.06,1.06,6.6,15.8,24.6,92.7,0.81,3.8,5.44,4.94,44.3,1.63,40.2,13.4,1.79
Atlanta Falcons,2010,25.9,341.1,68.6,5,1.06,0.5,22.1,22.6,36.1,222.9,1.75,0.56,5.9,12.5,31.1,118.2,0.88,3.8,6.94,3.63,37.4,2.63,39.3,9,-2.47
Las Vegas Raiders,2010,25.6,354.6,64.9,5.5,1.63,0.63,19.1,17.4,30.7,198.8,1.13,1,5.9,9.94,31.5,155.9,1.19,4.9,7.06,9.25,79.8,2.13,34.5,11.8,-6.92
Dallas Cowboys,2010,24.6,364.3,64.7,5.6,1.88,0.69,20.4,23.7,36,252.6,1.81,1.19,6.7,12.6,26.8,111.6,0.63,4.2,6.5,6.81,53.9,1.38,34.6,14.8,-6.76
New York Giants,2010,24.6,380.3,64.7,5.9,2.63,1.06,20.7,21.2,33.7,242.8,1.94,1.56,7,12,30,137.5,1.06,4.6,7,5.75,48.6,1.69,32.4,20.3,-3.08
Houston Texans,2010,24.4,386.6,64.3,6,1.13,0.38,22.5,22.8,35.9,259,1.5,0.75,6.8,13.9,26.4,127.6,1.25,4.8,7.38,5.63,43.1,1.25,39.7,10.1,3.32
Green Bay Packers,2010,24.3,358.1,62.5,5.7,1.38,0.56,19.5,22,33.8,257.8,1.94,0.81,7.1,12.8,26.3,100.4,0.69,3.8,5.5,4.88,38.6,1.25,35,10.9,-2.86
New Orleans Saints,2010,24,372.5,66.7,5.6,1.94,0.56,21.9,28.1,41.3,277.6,2.06,1.38,6.5,14.8,23.8,94.9,0.56,4,5.88,5.63,55.3,1.31,38.5,16.7,-3.32
Pittsburgh Steelers,2010,23.4,345.3,62.1,5.6,1.13,0.56,18.4,18.6,29.9,225.1,1.38,0.56,6.9,10.9,29.4,120.3,0.94,4.1,6.63,6.25,56.4,0.88,36.9,9.5,-8.36
New York Jets,2010,22.9,351,67.9,5.2,1.31,0.44,19.2,18,32.8,202.6,1.25,0.88,5.9,10.7,33.4,148.4,0.88,4.4,7.38,6.44,58.4,1.13,32.2,10.6,-7.68
Kansas City Chiefs,2010,22.9,349.7,66.4,5.3,0.88,0.38,19.9,17.1,29.7,185.5,1.69,0.5,5.9,10.4,34.8,164.2,0.81,4.7,8.06,5.63,48.2,1.44,31.3,6.8,-5.87
Detroit Lions,2010,22.6,338.9,66.5,5.1,1.56,0.56,19,23.9,39.6,238.1,1.63,1,5.8,12.4,25.3,100.8,0.69,4,5.19,8.5,63.6,1.38,32.1,12.4,-6.59
Baltimore Ravens,2010,22.3,322.9,63.6,5.1,1.25,0.63,18.9,19.3,30.7,208.4,1.56,0.63,6.3,10.9,30.4,114.4,0.69,3.8,6.06,5.63,42.1,1.94,32.8,9.5,-4.99
Tennessee Titans,2010,22.3,302.1,56.7,5.3,1.81,0.88,15.8,17.1,29.6,194.2,1.5,0.94,6.2,9.69,25.4,107.9,0.81,4.3,4.56,8,65,1.5,33.2,14.7,-4.48
Jacksonville Jaguars,2010,22.1,341.3,63.7,5.4,2.06,0.75,20.6,18.2,29.3,191.6,1.63,1.31,6,10.1,32,149.7,0.88,4.7,9.25,5.19,42.2,1.31,35,16.9,-2.2
Denver Broncos,2010,21.5,348.9,63.6,5.5,1.69,0.94,19.3,20.9,36.3,252.4,1.56,0.75,6.5,12.8,24.9,96.5,0.81,3.9,5.06,6.13,59,1.5,30.6,11.7,-7.84
Tampa Bay Buccaneers,2010,21.3,335.1,59.7,5.6,1.19,0.81,18,19.1,30.9,210.1,1.63,0.38,6.4,10.8,26.9,125.1,0.56,4.6,6.06,6.25,52.3,1.19,33.7,9.3,-5.89
Chicago Bears,2010,20.9,289.4,58.5,4.9,1.94,0.63,16.4,17.3,29.1,188.4,1.44,1.31,5.8,10.2,25.9,101,0.63,3.9,4.75,5.69,48,1.5,29.3,15.7,-14.2
Cincinnati Bengals,2010,20.1,330.6,65.4,5.1,2.13,0.88,19.8,22.8,36.9,235.4,1.63,1.25,6.1,12.9,26.8,95.1,0.5,3.6,5.31,5.63,45.3,1.63,30.5,16.3,-9.29
Seattle Seahawks,2010,19.4,297.8,60.3,4.9,1.94,0.69,16.3,20.3,34,208.8,0.88,1.25,5.8,9.94,24.1,89,0.81,3.7,5.06,6.31,55.6,1.25,26.5,14.8,-12.32
San Francisco 49ers,2010,19.1,313.3,59.1,5.3,1.44,0.5,15.7,17.6,31.3,209.8,1.19,0.94,6.2,9.31,25.1,103.6,0.63,4.1,5.31,7,58.3,1.06,26.8,11.1,-5.96
Washington Commanders,2010,18.9,335.9,62.6,5.4,1.94,0.75,18.4,21.8,37.8,244.6,1.31,1.19,6,12.1,21.9,91.3,0.56,4.2,4.5,5.63,40.4,1.81,26.3,14.6,-8.43
Los Angeles Rams,2010,18.1,302.9,65.8,4.6,1.31,0.38,18.3,22.1,36.9,204.3,1.13,0.94,5.2,11.2,26.8,98.6,0.56,3.7,5.25,6.38,54.8,1.81,30.2,9.5,-12.74
Arizona Cardinals,2010,18.1,269.3,58.2,4.6,2.19,1,15.1,17.8,35.1,182.6,0.63,1.19,4.8,9.63,20,86.8,0.56,4.3,4.19,6.75,54.4,1.25,23.7,15.8,-13.46
Buffalo Bills,2010,17.7,304.9,59.6,5.1,2.44,1.13,16.4,18.5,32.4,197.4,1.5,1.31,5.7,10.4,25.1,107.5,0.38,4.3,5.13,5.13,39.6,0.94,25.3,19.2,-10.88
Minnesota Vikings,2010,17.6,314.9,61.4,5.1,2.31,0.69,18.1,19.1,31.6,193.6,0.88,1.63,5.7,9.94,27.6,121.4,1,4.4,6.5,6.25,48.1,1.63,24.9,19,-7.89
Miami Dolphins,2010,17.1,323.1,65,5,1.94,0.63,18.8,20.9,34.8,220.4,1.06,1.31,5.9,11.8,27.8,102.7,0.5,3.7,5.69,4.5,37.2,1.25,29.7,15.7,-10.88
Cleveland Browns,2010,16.9,289.7,57.9,5,1.81,0.69,16.6,18.5,29.9,186.8,0.81,1.13,5.8,9.63,25.8,102.9,0.81,4,5.44,4.88,42.2,1.5,27.7,15.8,-10.6
Carolina Panthers,2010,12.3,258.4,60.1,4.3,2.31,1,14.1,16,30.3,143.1,0.56,1.31,4.3,7.81,26.8,115.4,0.44,4.3,4.88,6.63,57.4,1.38,20.8,17.8,-17.51
New Orleans Saints,2009,31.9,403.8,64.5,6.3,1.75,1,21.8,23.6,34,272.2,2.13,0.75,7.7,13.4,29.3,131.6,1.31,4.5,7.19,5.56,49.2,1.13,41.6,13.5,3.8
Minnesota Vikings,2009,29.4,379.6,65.9,5.8,1.13,0.69,21.4,23.6,34.6,259.8,2.13,0.44,7.1,13.8,29.2,119.9,1.19,4.1,6.19,6.31,47.3,1.5,42,9,0.44
Green Bay Packers,2009,28.8,379.1,65.1,5.8,1,0.5,20.9,22.3,34.6,261.3,1.88,0.5,6.9,12.6,27.4,117.8,1.25,4.3,6.38,7.38,66.1,2,40.3,7.9,4.52
Los Angeles Chargers,2009,28.4,360.1,60.8,5.9,1.06,0.44,20.6,21.1,32.4,271.1,1.81,0.63,8,13.9,26.7,88.9,1.06,3.3,5,4.88,35.6,1.75,45.9,9.4,-0.73
Philadelphia Eagles,2009,26.8,357.9,60.9,5.9,1.44,0.63,18.1,20.9,34.6,255.6,1.69,0.81,6.9,11.4,24,102.3,0.88,4.3,5.44,7.19,59.4,1.31,38,10.4,-3.09
New England Patriots,2009,26.7,397.3,67.3,5.9,1.38,0.56,23.3,24.4,37,277.3,1.75,0.81,7.3,13.9,29.1,120.1,1.19,4.1,7.13,5.06,46.4,2.31,41,12.4,1.43
Indianapolis Colts,2009,26,363.1,61.3,5.9,1.5,0.31,21.2,25.1,37.6,282.2,2.13,1.19,7.4,15.1,22.9,80.9,1,3.5,4.31,4.63,34.1,1.81,37.9,13.2,2.73
New York Giants,2009,25.1,366,63.6,5.8,1.94,1.06,20.2,21.1,33.9,251.2,1.75,0.88,7,12.1,27.7,114.8,0.88,4.1,6.44,5.94,50.1,1.63,37.7,15.3,-2.17
Baltimore Ravens,2009,24.4,351.2,63.4,5.5,1.38,0.56,20,20.1,31.9,213.7,1.31,0.81,6.3,11.7,29.3,137.5,1.38,4.7,7.19,7.19,68.4,1.13,35,10.9,-4.14
Houston Texans,2009,24.3,383.1,65.2,5.9,1.75,0.69,21.3,24.9,37.1,290.9,1.81,1.06,7.5,14.4,26.6,92.2,0.81,3.5,5.81,5.94,52.1,1,33.7,15,-1.79
Arizona Cardinals,2009,23.4,344.4,61.6,5.6,2.25,1.13,19.8,24.5,37.1,251,1.69,1.13,6.5,13.4,22.8,93.4,1,4.1,4.81,6.75,55.4,1.56,30.7,17.1,-7.25
Pittsburgh Steelers,2009,23,371.3,63.4,5.9,1.56,0.69,20.7,21.9,33.5,259.3,1.75,0.88,7.1,13.1,26.8,112.1,0.63,4.2,6,5.31,48.1,1.56,35.5,12.6,-4.34
Atlanta Falcons,2009,22.7,340.4,65.5,5.2,1.56,0.5,20.6,20.8,35.6,223.2,1.63,1.06,6,12,28.2,117.3,0.94,4.2,6.56,4.88,41.5,2.06,35.3,13.5,-4.83
Dallas Cowboys,2009,22.6,399.4,63.8,6.3,1.19,0.63,20.9,21.7,34.4,267.9,1.63,0.56,7.3,12.7,27.3,131.4,0.88,4.8,6.88,7.19,55.8,1.38,33.5,9.5,-2.05
Miami Dolphins,2009,22.5,337.6,68,5,1.81,0.63,20.8,20.7,34.1,198.1,0.94,1.19,5.5,11.8,31.8,139.4,1.38,4.4,8.06,4.88,40,1,34.3,15.5,-5.01
Tennessee Titans,2009,22.1,351.4,61.9,5.7,1.94,1,18,16.9,29.8,189.4,1,0.94,6.2,9.63,31.2,162,1.19,5.2,7.19,6.13,51.3,1.19,33.2,15,-7.07
New York Jets,2009,21.8,321,64.4,5,1.88,0.56,17.5,13.1,24.6,148.8,0.75,1.31,5.6,8.19,37.9,172.3,1.31,4.5,8.25,5.5,42.3,1.06,31.8,15.2,-11
San Francisco 49ers,2009,20.6,290.8,58.7,5,1.5,0.63,14.9,19.5,33,190.8,1.44,0.88,5.4,8.56,23.2,100,0.75,4.3,4.81,6.13,47.4,1.5,27.6,10.2,-8.57
Chicago Bears,2009,20.4,310.3,60.7,5.1,2.13,0.44,16.4,21.3,35.2,217.1,1.69,1.69,5.8,10.6,23.3,93.3,0.38,4,4.44,6.25,52.3,1.31,29.5,16.6,-12.93
Denver Broncos,2009,20.4,341.4,64.5,5.3,1.44,0.63,19.1,21.3,34.9,226.7,1.31,0.81,6.1,11.6,27.5,114.8,0.56,4.2,5.94,5.81,50,1.56,31.7,11.6,-6.96
Carolina Panthers,2009,19.7,331.1,63.9,5.2,1.94,0.69,18.1,16.5,29.1,174.9,1,1.25,5.6,9.5,32.8,156.1,1.13,4.8,7.69,5.5,43.6,0.88,29,15,-7.72
Cincinnati Bengals,2009,19.1,309.1,63.2,4.9,1.56,0.75,18.4,17.9,29.8,180.6,1.31,0.81,5.7,9.94,31.6,128.5,0.56,4.1,6.81,7.13,53.9,1.69,29.9,13,-8.14
Kansas City Chiefs,2009,18.4,303.2,63.7,4.8,1.69,0.63,16,18.5,33.5,182.6,1.13,1.06,5,8.69,27.4,120.6,0.5,4.4,5.69,5.25,41.7,1.63,25.2,12.4,-12.05
Jacksonville Jaguars,2009,18.1,336.6,63.1,5.3,1.44,0.81,18.8,19.7,32.4,209.8,0.94,0.63,6,10.6,27.9,126.8,1.19,4.5,7.13,4.38,33.9,1,29.5,12.5,-5.99
Seattle Seahawks,2009,17.5,316.8,65.3,4.9,1.94,0.75,18.6,23.3,38.1,218.9,1.25,1.19,5.4,11.5,24.7,97.9,0.44,4,5,5.94,52.5,2.06,26.3,15.5,-10.6
Washington Commanders,2009,16.6,312.5,60.6,5.2,1.75,0.75,17.5,21.3,33.3,218.1,1.31,1,6,11.9,24.4,94.4,0.5,3.9,4.5,5.31,42.4,1.06,29.7,13.4,-9.72
Detroit Lions,2009,16.4,299,64.8,4.6,2.56,0.56,17.6,19.8,36.6,198,1,2,5,10.5,25.6,101,0.56,4,5.13,6.13,48,1.94,23.7,20.1,-12.29
Buffalo Bills,2009,16.1,273.9,56.9,4.8,1.88,0.69,14.6,16,27.6,157.2,1.06,1.19,5.2,7.88,26.5,116.7,0.38,4.4,5.06,6.69,53.4,1.63,27.1,13.8,-12.91
Cleveland Browns,2009,15.3,260.2,60.7,4.3,1.94,0.81,14.8,13.7,27.7,129.8,0.69,1.13,4.4,7.38,31.1,130.4,0.63,4.2,6.38,4.81,42.4,1.06,23.3,16.4,-12.96
Tampa Bay Buccaneers,2009,15.3,287.5,60.1,4.8,2.13,0.31,15.4,17.4,32.8,185.8,1.13,1.81,5.3,9.25,25.3,101.7,0.31,4,5,5.81,43.5,1.13,20.1,17.5,-14.19
Las Vegas Raiders,2009,12.3,266.1,59,4.5,2.06,0.94,14.6,15.9,30.3,159.8,0.63,1.13,4.8,8.19,25.6,106.3,0.44,4.1,5.06,7.31,57.5,1.38,22.2,16.5,-18.54
Los Angeles Rams,2009,10.9,279.4,62.4,4.5,2.06,0.75,16.2,19.5,33.9,167.9,0.75,1.31,4.6,9.94,25.7,111.5,0.25,4.3,4.94,6.25,52.1,1.31,19.3,16.6,-15.39
New Orleans Saints,2008,28.9,410.7,65.4,6.3,1.63,0.5,22.1,25.8,39.8,311.1,2.13,1.13,7.7,14.5,24.9,99.6,1.25,4,6.44,5.38,49.8,1.19,42.7,14,3.24
Los Angeles Chargers,2008,27.4,349,57.8,6,1.25,0.56,18.8,19.5,29.9,241.1,2.13,0.69,7.7,11.9,26.3,107.9,0.81,4.1,5.75,5.94,46.8,1.13,43.5,10.6,2.37
New York Giants,2008,26.7,355.9,63.8,5.6,0.81,0.19,21.1,18.6,30.7,198.6,1.44,0.63,6.1,11,31.4,157.4,1.19,5,8.13,6.38,51.3,2,43.8,7.3,-2.94
Arizona Cardinals,2008,26.7,365.8,62.4,5.9,1.88,0.94,20.5,26.1,39.4,292.1,1.94,0.94,7.1,14.4,21.3,73.6,0.88,3.5,4.5,6.69,48.8,1.56,39.3,15.7,-2.68
Green Bay Packers,2008,26.2,351.1,63.3,5.6,1.31,0.5,18.7,21.4,33.8,238.3,1.75,0.81,6.6,11.4,27.3,112.8,0.69,4.1,6.19,6.88,61.5,1.13,36.9,11.2,-0.78
Philadelphia Eagles,2008,26,350.5,66,5.3,1.63,0.63,19.9,22.6,37.9,244.4,1.44,1,6.2,12.8,26.7,106.1,0.94,4,5.88,4.63,39.7,1.25,35.5,11.5,-6.67
Carolina Panthers,2008,25.9,349.7,58.6,6,1.19,0.44,17.9,15.4,25.9,197.4,0.94,0.75,7.3,9.5,31.5,152.3,1.88,4.8,7.38,5.88,39.8,1.06,38,9.9,-2.95
New England Patriots,2008,25.6,365.4,68.4,5.3,1.31,0.63,22.3,21.2,33.4,223.1,1.31,0.69,6.1,11.6,32.1,142.4,1.31,4.4,9.06,3.56,31.3,1.56,44.8,11.5,-0.82
New York Jets,2008,25.3,331.7,61.3,5.4,1.94,0.5,19.3,21.7,33.1,206.4,1.38,1.44,5.9,11.6,26.4,125.3,1.25,4.7,5.88,4.81,35.6,1.75,37.3,16.9,-4.49
Atlanta Falcons,2008,24.4,361.2,63.2,5.7,1.31,0.63,19.6,16.6,27.1,208.5,1,0.69,7.4,9.81,35,152.7,1.44,4.4,8.19,4.44,36.9,1.56,39.7,10.3,-1.14
Baltimore Ravens,2008,24.1,324,66.1,4.9,1.31,0.56,18.8,16.3,27.1,175.5,1,0.75,6,9.19,37,148.5,1.25,4,8.25,6.44,49.1,1.31,33,10.8,-12.26
Minnesota Vikings,2008,23.7,330.5,63.4,5.2,1.94,0.88,18.3,16.7,28.3,184.8,1.38,1.06,6,9.38,32.4,145.8,0.94,4.5,7.44,5.63,43.3,1.44,34.7,14.7,-6.42
Indianapolis Colts,2008,23.6,335.5,60.6,5.5,1.06,0.31,20.1,24.6,36.6,255.9,1.69,0.75,6.8,13.8,23.1,79.6,0.81,3.4,5,5.38,38.7,1.31,40.7,10,0.87
Chicago Bears,2008,23.4,295.9,61.9,4.8,1.69,0.81,16.5,19,33,191.3,1.25,0.88,5.5,9.56,27.1,104.6,0.94,3.9,6.13,4.88,38.1,0.81,30.5,11.3,-10.37
Tennessee Titans,2008,23.4,313.6,60.8,5.2,1.06,0.5,16.8,16.6,28.3,176.2,0.81,0.56,6.1,8.94,31.8,137.4,1.5,4.3,6.75,6.75,53.4,1.06,34.6,8.9,-4.81
Denver Broncos,2008,23.1,395.8,63.7,6.2,1.88,0.75,22.1,24.1,38.8,279.4,1.56,1.13,7.1,13.9,24.2,116.4,0.94,4.8,6.44,4.81,46.2,1.75,38.9,17.4,2.52
Houston Texans,2008,22.9,382.1,63.7,6,2,0.75,21.3,22.9,34.7,266.7,1.31,1.25,7.3,13.1,27,115.4,1,4.3,6.63,5,41.5,1.5,38.2,17.3,-4.77
Dallas Cowboys,2008,22.6,344.5,61.2,5.6,2.06,0.81,18.2,20.5,34.2,236.8,1.81,1.25,6.6,10.7,25.1,107.7,0.75,4.3,6.38,7.5,59.8,1.13,32.1,16.3,-5.54
Tampa Bay Buccaneers,2008,22.6,341,65.3,5.2,1.63,0.81,18.6,22.2,35.1,226.2,1.13,0.81,6.1,11.5,28.2,114.8,0.81,4.1,6.25,5.94,52.1,0.88,33.3,12.7,-12.03
Pittsburgh Steelers,2008,21.7,311.9,63.4,4.9,1.56,0.63,18.1,18.9,31.6,206.3,1.19,0.94,5.9,11.2,28.8,105.6,1,3.7,5.81,5.94,50.8,1.13,32.6,12.6,-12.49
Miami Dolphins,2008,21.6,345.6,60.3,5.7,0.81,0.38,19.3,20.6,30.7,227,1.25,0.44,7,11.5,28,118.6,1.13,4.2,6.94,5.06,41.8,0.81,33.9,6.9,-5.88
San Francisco 49ers,2008,21.2,311.1,60.1,5.2,2.19,1,17.9,19.3,31.8,211.2,1.31,1.19,6,11,24.8,99.9,0.63,4,5.19,6.13,45.8,1.75,33,18.4,-8.36
Buffalo Bills,2008,21,305.1,59.8,5.1,1.88,0.94,17.9,19.3,29.9,190,0.88,0.94,5.9,10.4,27.4,115.1,1,4.2,6.69,4.44,33.6,0.81,34.1,16.5,-11.1
Jacksonville Jaguars,2008,18.9,319.1,62.8,5.1,1.5,0.69,19.5,20.9,33.6,208.3,0.94,0.81,5.8,11.4,26.6,110.9,1.06,4.2,6.69,6.5,50.8,1.38,29.7,12.8,-4.71
Seattle Seahawks,2008,18.4,274.1,57.9,4.7,1.69,0.75,16.6,16.4,29.6,163.6,1.13,0.94,5.1,8.88,26.1,110.5,0.63,4.2,6.5,4.94,37.6,1.19,29.5,13.6,-7.85
Kansas City Chiefs,2008,18.2,308.7,59.8,5.2,1.5,0.5,17.1,19.4,33.8,195.6,1.44,1,5.4,10.1,23.7,113.1,0.56,4.8,5.88,4.88,40.3,1.13,27,12.4,-7.74
Detroit Lions,2008,16.8,268.3,57.1,4.7,1.81,0.63,14.6,17.6,31.8,185,1.13,1.19,5.3,8.94,22,83.3,0.63,3.8,4.38,5.5,45.6,1.31,26.2,15,-11.29
Washington Commanders,2008,16.6,320,64.1,5,1.13,0.75,18.4,19.9,31.9,189.1,0.88,0.38,5.5,10.3,29.9,130.9,0.75,4.4,6.81,5.19,40.3,1.31,29.2,9.6,-10.85
Las Vegas Raiders,2008,16.4,272.3,57.4,4.7,1.44,0.75,14.1,13.9,26.3,148.1,0.81,0.69,5.2,7.69,28.7,124.2,0.56,4.3,5.44,6.81,51.4,0.94,24.6,11.8,-14.47
Los Angeles Rams,2008,14.5,287.3,61.4,4.7,1.94,0.75,15.6,18.3,32.5,184.2,0.69,1.19,5.2,8.75,26.1,103.1,0.5,4,5.94,6.06,44.9,0.88,26.3,16.3,-14.88
Cleveland Browns,2008,14.5,249.1,57.6,4.3,1.63,0.38,14.6,14.9,30.5,148.8,0.69,1.25,4.6,7.94,25.6,100.3,0.38,3.9,5.25,6.25,41.8,1.38,27.3,14.5,-13.62
Cincinnati Bengals,2008,12.8,245.4,61.5,4,1.63,0.69,15.3,18.9,32.1,150.4,0.69,0.94,4.3,9.06,26.3,95,0.38,3.6,5,4.69,36.9,1.25,21,13.4,-17.07