Tm,Season,P_Cmp%,P_TD%,P_Int%,P_Lng,P_Y/A,P_AY/A,P_Y/C,P_Rate,P_Sk,Sk_Yds_Lost,P_Sk%,APNY/A,QB_4QC,QB_GWD,P_EXP
Kansas City Chiefs,2022,66.8,6.3,1.8,67,8.1,8.5,12.1,104.7,1.53,11.1,3.8,7.9,0.24,0.24,13.7
Tampa Bay Buccaneers,2022,66.4,3.5,1.3,63,6.3,6.4,9.5,89.8,1.29,9.41,2.8,6,0.24,0.29,4.75
Los Angeles Chargers,2022,68.2,3.7,1.4,55,6.7,6.8,9.9,93.3,2.29,12.2,5.2,6.2,0.24,0.29,4.79
Miami Dolphins,2022,63,5.1,2.6,84,8.2,8,12.9,95,2.06,14.9,5.7,7.2,0.12,0.18,6.06
Minnesota Vikings,2022,66.7,4.5,2.2,66,7.2,7.1,10.8,93.1,2.76,19.6,6.5,6.1,0.47,0.47,7.17
Detroit Lions,2022,65.1,4.9,1.2,81,7.6,8,11.6,99.3,1.41,9.59,3.9,7.4,0.18,0.18,10.2
Cincinnati Bengals,2022,68.5,5.7,2,60,7.4,7.7,10.8,101,2.75,17.5,6.7,6.7,0.19,0.25,9.14
Buffalo Bills,2022,62.9,6.1,2.4,98,7.5,7.6,11.9,95.8,2.06,10.1,5.4,6.9,0.19,0.25,8.07
Philadelphia Eagles,2022,65.3,4.7,1.7,78,8.1,8.3,12.5,99,2.59,15.2,7.6,7.2,0.06,0.12,7.72
Jacksonville Jaguars,2022,66.1,4.2,1.5,59,7,7.1,10.5,93.9,1.65,11.1,4.5,6.5,0.18,0.12,6.34
Seattle Seahawks,2022,69.6,5.2,2.1,54,7.5,7.6,10.7,100,2.71,20.5,7.4,6.5,0.12,0.18,4.55
Las Vegas Raiders,2022,61.3,4.8,2.9,60,7.1,6.8,11.6,86.7,2.06,14.6,5.6,6,0.24,0.18,4.22
San Francisco 49ers,2022,66,5.9,1.8,57,7.9,8.3,12,102.3,1.82,11.4,5.7,7.5,0.12,0.12,9.82
Dallas Cowboys,2022,63.8,5,3.2,68,7,6.6,11,87.9,1.59,10.3,4.6,6,0.12,0.24,6.27
New York Jets,2022,56.9,2.4,2.2,79,6.4,5.9,11.3,75,2.47,18.6,6.3,5.1,0.12,0.18,-1.78
New Orleans Saints,2022,66,4.7,2.7,68,7.8,7.5,11.7,93.6,2.24,16.3,6.9,6.4,0.12,0.12,2.8
Green Bay Packers,2022,64.7,4.8,2.1,63,6.9,6.9,10.7,91.9,1.88,15.2,5.4,6.1,0.18,0.24,3.2
Arizona Cardinals,2022,65.2,2.6,2.6,77,6,5.3,9.2,79.2,2.71,20,6.5,4.5,0.06,0.06,-2
Denver Broncos,2022,60.4,3.2,2.6,67,7,6.5,11.6,81.2,3.71,24.4,9.9,5.2,0.18,0.18,-0.63
New England Patriots,2022,66.3,3.5,2.6,53,7.1,6.6,10.7,87.7,2.41,16.4,7.1,5.7,0,0,1.22
Washington Commanders,2022,62.1,4.3,2.9,75,6.8,6.4,11,84.7,2.82,18.3,8,5.4,0.24,0.18,0.05
Cleveland Browns,2022,62,3.5,2.2,55,6.9,6.6,11.1,84.9,2.59,15.6,7.5,5.6,0.12,0.12,1.17
Indianapolis Colts,2022,65.9,2.8,3.3,49,6.4,5.5,9.7,79.2,3.53,24.8,9,4.3,0.29,0.24,-3.85
Pittsburgh Steelers,2022,63.7,2.1,2.5,57,6.4,5.7,10.1,78.7,2.24,14.7,6.2,5,0.18,0.29,1.72
Houston Texans,2022,60.8,3.5,3.3,58,6.3,5.5,10.3,76.8,2.24,17.5,6.2,4.7,0.12,0.18,-3.43
New York Giants,2022,66.5,3.3,1.2,65,6.6,6.7,9.9,91.1,2.88,16.1,8.6,5.7,0.24,0.29,1.28
Los Angeles Rams,2022,65.3,3,2.8,75,6.6,5.9,10.1,82.3,3.47,23.4,10,4.7,0.06,0.06,-0.37
Baltimore Ravens,2022,61.5,3.9,2.7,75,6.6,6.1,10.7,82.5,2.24,9.53,7.2,5.4,0.12,0.18,0.36
Carolina Panthers,2022,58.4,3.5,2.8,75,7.1,6.5,12.2,80.2,2.12,14.7,7.3,5.5,0,0.06,-1.1
Tennessee Titans,2022,62.5,3.5,2.4,69,7.1,6.7,11.3,85.3,2.88,18.4,9.7,5.4,0,0,-0.57
Atlanta Falcons,2022,61.9,4.1,2.2,75,7.1,6.9,11.4,87.7,2.18,13.4,8.2,5.8,0.18,0.24,1.7
Chicago Bears,2022,59.2,5,4,56,6.9,6.1,11.7,80.3,3.41,22.3,13.3,4.4,0.06,0.12,-3.78
Tampa Bay Buccaneers,2021,67.3,5.9,1.6,62,7.4,7.8,10.9,101.6,1.35,9.06,3.1,7.4,0.18,0.29,11.6
Los Angeles Chargers,2021,65.7,5.6,2.2,72,7.4,7.6,11.3,97.4,1.82,12.6,4.4,6.9,0.29,0.29,9.92
Dallas Cowboys,2021,68.6,6.2,1.7,73,7.7,8.1,11.2,104.8,1.94,9.59,4.9,7.5,0.12,0.18,9.51
Kansas City Chiefs,2021,66.4,5.5,1.9,75,7.3,7.5,11,98.1,1.65,8.59,4,7,0.18,0.18,13.9
Los Angeles Rams,2021,66.9,6.8,3,79,8.1,8.1,12.1,101.6,1.82,14.8,4.9,7.3,0.18,0.24,14
Las Vegas Raiders,2021,68.3,3.7,2.2,61,7.7,7.4,11.2,93.8,2.35,14.2,6,6.6,0.18,0.35,7.24
Cincinnati Bengals,2021,69.2,6.5,2.5,82,8.7,8.8,12.5,106.9,3.24,23.7,9,7.4,0.12,0.24,8.8
Green Bay Packers,2021,67.8,6.6,1.2,75,7.6,8.4,11.3,107.4,1.94,12.4,5.3,7.6,0.06,0.12,9.91
Buffalo Bills,2021,63.4,5.5,2.4,61,6.8,6.8,10.7,91.3,1.59,9.76,4,6.3,0,0,9.87
Arizona Cardinals,2021,70.2,4.6,1.9,77,7.8,7.9,11.1,100.6,2.29,20.2,6.2,6.9,0.06,0.06,7.5
Minnesota Vikings,2021,65.9,5.6,1.2,64,7.4,8,11.2,101.6,1.76,12.5,4.7,7.3,0.18,0.24,7.69
San Francisco 49ers,2021,66.7,5.1,2.7,83,8.6,8.4,12.9,99.2,1.94,12.7,6,7.5,0.18,0.18,8.81
Baltimore Ravens,2021,64.8,3.4,2.9,49,7,6.3,10.8,84.4,3.35,18,8.5,5.3,0.29,0.29,2.01
New England Patriots,2021,68,4.5,2.4,75,7.7,7.5,11.3,95.5,1.65,14.2,5,6.7,0.06,0.06,6.81
Pittsburgh Steelers,2021,64,3.5,1.7,59,6,6,9.5,85.3,2.24,14.1,5.4,5.3,0.41,0.41,0.89
Atlanta Falcons,2021,65.8,3.5,2.6,64,7,6.5,10.6,86.6,2.35,16.1,6.5,5.6,0.18,0.24,1.9
Miami Dolphins,2021,65.7,3.4,2.3,65,6.4,6.1,9.7,85.4,2.35,16.8,6.1,5.3,0,0.12,2.63
Detroit Lions,2021,66.8,3.9,2.4,75,6.5,6.3,9.8,88.1,2.12,16.8,5.7,5.4,0.12,0.12,2.45
Denver Broncos,2021,65.4,3.7,1.7,64,7.1,7.1,10.9,91.7,2.35,15.5,6.9,6.2,0,0.06,4.88
New York Jets,2021,59.2,3.3,3.3,62,6.6,5.7,11.1,76,3.12,24.6,8.1,4.6,0.12,0.12,-1.83
Washington Commanders,2021,64.7,3.8,2.7,73,6.8,6.3,10.5,85.8,2.53,17.9,7.3,5.4,0.18,0.24,1.33
Jacksonville Jaguars,2021,59.8,2,2.8,58,6.1,5.2,10.2,72.1,1.88,14,5,4.6,0.06,0.12,-0.35
Seattle Seahawks,2021,65.5,6.1,1.4,84,7.7,8.3,11.8,103.1,2.71,22.5,8.5,6.9,0,0.06,3.56
Tennessee Titans,2021,67.1,4.1,2.6,57,7,6.6,10.4,90,2.76,19.2,8.1,5.5,0.18,0.24,3.2
Philadelphia Eagles,2021,62.1,4,2,91,7.3,7.2,11.7,89.2,1.82,10.6,5.9,6.4,0.12,0.12,3.48
Indianapolis Colts,2021,62.2,5.2,1.5,76,6.9,7.2,11.1,93.5,1.88,13.4,5.8,6.4,0,0,4.88
Cleveland Browns,2021,61.5,4,2.7,71,7,6.6,11.3,84.6,2.88,17.6,8.6,5.5,0,0,1.09
Houston Texans,2021,64.8,3.8,2.7,67,6.6,6.2,10.3,85.2,2.59,19.1,7.5,5.2,0,0,-0.44
Carolina Panthers,2021,58.1,2.3,3.5,64,6,4.9,10.3,68.5,3.06,19.6,8,4,0,0,-4.74
Chicago Bears,2021,61.3,3,3.7,64,6.7,5.6,10.9,75.5,3.41,25.2,9.7,4.4,0.12,0.12,-2.94
New York Giants,2021,59.2,2.5,3.4,60,5.8,4.8,9.9,70.1,2.24,15.7,6,4.1,0.06,0.06,-4.57
New Orleans Saints,2021,58.1,5.8,2.6,72,6.8,6.8,11.7,87.4,2.18,14.8,6.8,5.9,0.06,0.12,0.76
Kansas City Chiefs,2020,66.7,6.3,1.1,75,7.9,8.7,11.9,107.3,1.5,9.44,3.7,8.2,0.19,0.19,16
Tampa Bay Buccaneers,2020,65.5,6.7,1.9,50,7.6,8.1,11.6,102.8,1.38,9.38,3.4,7.6,0.19,0.19,16.9
Buffalo Bills,2020,68.8,6.7,1.8,56,8,8.5,11.7,107.6,1.69,10.4,4.3,7.9,0.13,0.19,15
Houston Texans,2020,70.1,6,1.3,77,8.9,9.5,12.6,112.3,3.13,19.1,8.4,8.2,0,0,10.5
Atlanta Falcons,2020,65,4.3,1.8,63,7.4,7.4,11.3,93.9,2.56,16.1,6.1,6.6,0,0,9.74
Los Angeles Chargers,2020,65.9,4.9,1.6,72,7.3,7.5,11,97,2.13,13.7,5.1,6.8,0.13,0.25,9.74
Las Vegas Raiders,2020,67,5.1,1.8,85,8,8.2,11.9,100.4,1.75,10.4,4.8,7.5,0.19,0.31,8.33
Dallas Cowboys,2020,64.6,3.9,2,69,7.1,6.9,10.9,89.9,2.75,21.9,6.4,6,0.19,0.25,3.01
Green Bay Packers,2020,70.7,9.1,1,78,8.2,9.6,11.6,121.5,1.31,12.1,3.8,8.9,0.06,0.13,16
Detroit Lions,2020,64.3,4.6,2.2,73,7.6,7.5,11.8,93.3,2.63,18.3,6.7,6.5,0.19,0.25,7.34
Indianapolis Colts,2020,67.2,4.3,2,55,7.6,7.6,11.3,95.9,1.31,8.31,3.7,7,0.13,0.19,10.4
San Francisco 49ers,2020,65.1,4.4,3,76,7.6,7.1,11.6,90.1,2.44,17.9,6.4,6.2,0.06,0.06,5.38
Los Angeles Rams,2020,66.4,3.4,2.4,56,7.1,6.7,10.7,88.4,1.56,10.6,4.1,6.2,0,0.06,4.45
Minnesota Vikings,2020,67.6,6.8,2.5,71,8.3,8.5,12.2,105,2.44,16,7,7.4,0.06,0.19,8.81
Pittsburgh Steelers,2020,65.2,5.3,1.7,84,6.3,6.6,9.6,93.5,0.88,7.88,2.1,6.3,0.25,0.25,8.65
Seattle Seahawks,2020,68.9,7.1,2.3,62,7.5,7.9,10.9,105,3,19,7.9,6.8,0.19,0.19,7.33
Arizona Cardinals,2020,67.3,4.7,2.3,80,7.1,7.1,10.6,94.1,1.81,11.6,4.8,6.4,0.19,0.25,4.63
Carolina Panthers,2020,67.8,2.9,2.9,75,7.5,6.8,11.1,87.5,2.25,15.1,6.1,6,0,0,3.81
New Orleans Saints,2020,70.9,5.4,1.5,52,7.6,7.9,10.7,104.1,1.81,11.7,5.3,7.2,0.06,0.19,7.8
Miami Dolphins,2020,66.2,4.3,2.3,70,7,6.9,10.6,91.2,2.13,12.6,5.7,6.1,0.19,0.19,5.57
Jacksonville Jaguars,2020,62.8,4.1,2.6,73,6.4,6.1,10.2,83.9,2.75,16,6.7,5.3,0.06,0.06,0.25
Chicago Bears,2020,65.5,4.2,2.6,53,6.4,6.1,9.8,86.5,2.25,16.9,5.5,5.3,0.19,0.19,2.34
Tennessee Titans,2020,65.2,6.8,1.4,75,7.9,8.6,12.1,105.9,1.56,10.8,4.9,7.8,0.31,0.38,11.9
Cleveland Browns,2020,62.9,5.4,1.6,75,7.4,7.7,11.7,96.6,1.63,10.1,4.9,7.1,0.13,0.13,8.15
Washington Commanders,2020,64.7,2.7,2.7,68,6.3,5.7,9.8,80.1,3.13,20.7,7.7,4.7,0.13,0.13,-1.41
Denver Broncos,2020,57,3.8,4.1,92,6.6,5.5,11.6,72.5,2,13.9,5.4,4.8,0.13,0.13,0.2
Cincinnati Bengals,2020,64,3.3,1.9,72,6.5,6.3,10.2,85.7,3,21.6,7.6,5.3,0.06,0.06,1.8
Philadelphia Eagles,2020,55.9,3.7,3.3,81,6.2,5.5,11.2,72.9,4.06,25.1,9.8,4.3,0.19,0.13,-1.17
New York Giants,2020,62.1,2.3,2.1,53,6.5,6,10.4,79.6,3.13,19.4,8.8,4.9,0,0,-0.74
New England Patriots,2020,64.3,2.7,3.2,50,7.1,6.2,11,81.1,2.31,14.6,7.8,5.2,0.06,0.19,0.31
New York Jets,2020,58.5,3.2,2.8,69,6.2,5.6,10.7,75.9,2.69,19.9,7.9,4.6,0,0,-2.7
Baltimore Ravens,2020,63.3,6.7,2.7,70,7.2,7.3,11.4,95.7,2,11.3,7.3,6.4,0.06,0.06,2.28
Tampa Bay Buccaneers,2019,60.6,5.2,4.8,71,8.1,7,13.4,84.1,2.94,17.6,6.9,6.1,0.13,0.13,5.99
Dallas Cowboys,2019,65,5,1.8,62,8.2,8.4,12.6,99.5,1.44,9.44,3.7,7.8,0,0,11.2
Atlanta Falcons,2019,67.1,4.2,2.2,93,7.4,7.2,11,93.8,3.13,20.9,6.8,6.3,0.19,0.13,8.09
Los Angeles Rams,2019,62.8,3.5,2.7,66,7.4,6.9,11.8,85.6,1.38,10.6,3.4,6.4,0.06,0.13,5.55
Kansas City Chiefs,2019,65.6,5.2,0.9,83,8.1,8.8,12.4,104.4,1.56,12,4.2,8.1,0.13,0.13,15.5
Los Angeles Chargers,2019,66,4,3.4,84,7.8,7.1,11.8,89,2.13,13.9,5.4,6.3,0.06,0.13,7.4
New Orleans Saints,2019,71.9,6.2,1,61,7.6,8.4,10.6,110.2,1.56,11.7,4.1,7.7,0.13,0.25,11.3
New England Patriots,2019,61,4,1.5,59,6.7,6.9,11,88.2,1.75,12,4.3,6.3,0.06,0.06,4.86
Las Vegas Raiders,2019,70.2,4.2,1.5,75,7.9,8,11.2,101,1.81,11.5,5.3,7.3,0.13,0.19,6.82
Detroit Lions,2019,60.2,4.9,2.6,75,7.3,7.1,12.2,88.2,2.69,17.9,7,6.2,0.13,0.06,4.32
Philadelphia Eagles,2019,63.8,4.4,1.3,53,6.6,6.9,10.4,92.1,2.31,14.4,5.7,6.2,0.13,0.25,5.11
Miami Dolphins,2019,60.3,3.6,2.9,51,6.7,6.1,11.1,80,3.63,19.6,8.6,5.1,0.19,0.25,2.2
San Francisco 49ers,2019,69.2,5.9,2.7,75,8.4,8.4,12.2,103.1,2.25,14.8,7,7.3,0.25,0.25,9.37
Seattle Seahawks,2019,66,6,1.2,60,7.9,8.6,12.1,105.3,3,19.9,8.5,7.3,0.25,0.31,8.49
Houston Texans,2019,66.5,5.1,2.6,54,7.6,7.5,11.5,95.3,3.06,18.8,8.4,6.3,0.19,0.31,7.53
Jacksonville Jaguars,2019,61.8,4.1,1.4,70,6.8,7,11.1,90,2.63,16.4,6.7,6.1,0.19,0.19,1.4
Green Bay Packers,2019,62.1,4.5,0.7,74,7,7.6,11.3,95.3,2.25,17.8,5.9,6.7,0.13,0.19,8.34
New York Giants,2019,61.9,4.9,2.8,75,6.7,6.4,10.8,86.4,2.69,21.2,6.6,5.5,0.06,0.13,0.07
Cincinnati Bengals,2019,57.8,2.9,2.6,66,6.5,5.9,11.2,76.2,3,21.4,7.2,5,0,0,-1.62
Carolina Panthers,2019,60.3,2.7,3.3,52,6.5,5.6,10.8,74.7,3.63,30.3,8.4,4.4,0,0.06,-0.79
Tennessee Titans,2019,66.3,6.5,1.8,91,8.8,9.3,13.3,108.3,3.5,23.4,11.1,7.5,0.13,0.19,5.89
Cleveland Browns,2019,59,4.1,3.9,89,7.1,6.2,12.1,78.4,2.56,18.3,7.1,5.3,0.06,0.06,1.99
Minnesota Vikings,2019,68.5,5.6,1.7,66,8,8.3,11.7,103.9,1.75,12.9,5.7,7.5,0.06,0.06,7.79
Arizona Cardinals,2019,64.1,3.6,2.2,88,6.9,6.6,10.7,87,3.13,20,8.3,5.5,0.06,0.13,2.2
Chicago Bears,2019,64,3.4,2.1,53,6.2,5.9,9.6,83.9,2.81,17.6,7.2,5,0.19,0.19,0.62
Buffalo Bills,2019,58.3,4.1,2.3,53,6.8,6.5,11.6,82.8,2.5,15.4,7.2,5.6,0.25,0.31,0.93
Baltimore Ravens,2019,65.7,8.4,1.8,83,7.6,8.5,11.6,109,1.75,7.81,6,7.7,0.06,0.13,9.32
Denver Broncos,2019,61.9,3.2,2,75,6.7,6.5,10.9,84.1,2.56,17.9,7.5,5.5,0.06,0.13,0.79
New York Jets,2019,62,3.6,3.1,92,6.6,6,10.7,80.6,3.25,20.8,9.1,4.8,0.13,0.19,-3.38
Indianapolis Colts,2019,59.8,4.3,1.9,50,6.5,6.4,10.8,85,2,12.9,5.9,5.7,0.13,0.13,3.23
Pittsburgh Steelers,2019,61.8,3.5,3.7,79,6.3,5.3,10.2,76.1,2,14.6,5.9,4.6,0.06,0.13,-0.41
Washington Commanders,2019,62.2,3.8,2.7,75,6.7,6.2,10.8,83,3.13,24.6,9.5,4.9,0.06,0.06,-2.82
Tampa Bay Buccaneers,2018,65.3,5.8,4.2,75,8.6,7.9,13.1,94.1,2.56,14.6,6.2,7,0,0.06,9.94
Pittsburgh Steelers,2018,66.6,5.1,2.5,97,7.5,7.4,11.3,95.5,1.5,10.4,3.4,6.9,0.13,0.19,10.1
Kansas City Chiefs,2018,66,8.6,2.1,89,8.8,9.6,13.3,113.8,1.63,10.7,4.3,8.9,0.13,0.13,16.7
Atlanta Falcons,2018,69.4,5.8,1.1,75,8,8.7,11.6,108,2.63,18.5,6.4,7.7,0.06,0.06,11.3
Los Angeles Rams,2018,64.8,5.6,2.1,70,8.3,8.5,12.9,100.7,2.06,13.9,5.5,7.7,0.25,0.25,10.9
Indianapolis Colts,2018,67.1,6.1,2.3,68,7.1,7.3,10.6,98.2,1.13,8.38,2.7,6.9,0.19,0.19,9.25
Philadelphia Eagles,2018,70.5,4.8,1.8,83,7.6,7.7,10.7,100.7,2.5,15.6,6.3,6.8,0.25,0.25,8.09
New England Patriots,2018,65.9,5.1,1.9,63,7.7,7.8,11.7,97.8,1.31,9.19,3.5,7.3,0.06,0.13,12.1
Green Bay Packers,2018,61.3,3.9,0.6,75,7.2,7.7,11.8,93.7,3.31,24.4,7.6,6.6,0.19,0.19,4.46
Los Angeles Chargers,2018,68,6.3,2.3,75,8.4,8.6,12.4,104.9,2.13,14.2,6.2,7.7,0.19,0.19,10.5
New York Giants,2018,65.5,3.9,2.1,58,7.6,7.4,11.5,92.7,2.94,22.4,7.5,6.3,0.06,0.13,4.85
New Orleans Saints,2018,73.4,6.4,1.3,72,8,8.7,11,112.3,1.25,8.25,3.7,8.1,0.38,0.44,13.4
Minnesota Vikings,2018,70.1,5,1.7,75,7.1,7.3,10.1,99.7,2.5,16.4,6.2,6.5,0.06,0,3.3
Cleveland Browns,2018,61.5,5.1,3,71,7.4,7.1,12.1,88.8,2.38,15.9,6.2,6.2,0.25,0.25,3.02
San Francisco 49ers,2018,62.2,4.9,3.8,85,8,7.3,12.8,87.8,3,23.8,8.3,6,0,0.06,3.83
Carolina Panthers,2018,67.1,5,2.8,82,7.2,6.9,10.8,92.9,2,14.7,5.4,6.2,0.13,0.13,5.02
Houston Texans,2018,68.2,5.1,1.8,73,8.2,8.5,12.1,102.9,3.88,24,10.9,6.9,0.31,0.31,6.87
Las Vegas Raiders,2018,68.7,3.4,1.8,66,7.3,7.2,10.6,93.6,3.25,19.1,8.6,6.1,0.19,0.19,1.93
Denver Broncos,2018,62.4,3.2,2.6,64,6.7,6.2,10.7,82.1,2.13,14.7,5.5,5.5,0.19,0.25,1.63
Detroit Lions,2018,65.3,3.8,2.1,67,6.7,6.5,10.3,88.5,2.56,16.8,6.7,5.7,0,0.06,4.2
Chicago Bears,2018,67.2,5.5,2.7,70,7.3,7.2,10.9,95.4,2.06,11.4,6.1,6.4,0.13,0.13,6.1
Baltimore Ravens,2018,60.1,3.2,1.6,74,6.7,6.6,11.1,84,2,9.38,5.4,6,0,0.06,3.84
Dallas Cowboys,2018,67.6,4.2,1.5,90,7.4,7.5,10.9,96.7,3.5,21.7,9.6,6.2,0.19,0.31,4.06
Cincinnati Bengals,2018,61.1,5,2.4,49,6.6,6.5,10.8,87,2.31,17.4,6.4,5.6,0.19,0.25,4.07
New York Jets,2018,57.1,3.4,3.6,76,6.5,5.6,11.4,73,2.31,14.9,6.6,4.8,0.06,0.06,-2.52
Jacksonville Jaguars,2018,61.4,2.8,2.4,80,6.4,5.9,10.4,79.1,3.31,20.1,9,4.8,0,0.06,-4.08
Seattle Seahawks,2018,65.6,8.2,1.6,66,8.1,9,12.3,110.9,3.19,22.2,10.7,7.3,0.13,0.25,7.16
Washington Commanders,2018,61.1,3.1,2.9,79,6.5,5.8,10.6,78.1,2.75,16.6,8,4.8,0.06,0.06,-1.55
Tennessee Titans,2018,67,3.7,2.7,66,7.4,6.9,11.1,89.8,2.94,17.5,9.7,5.7,0.25,0.31,1.02
Miami Dolphins,2018,64.2,5.7,2.9,75,7.3,7.1,11.3,93,3.25,25.6,10.3,5.6,0.25,0.25,-1.23
Buffalo Bills,2018,54.3,2.6,4.6,75,6.2,4.6,11.4,62.6,2.56,18,7.6,3.7,0.13,0.19,-5.53
Arizona Cardinals,2018,57.2,3,3.6,75,5.8,4.8,10.2,69,3.25,22.6,9.5,3.7,0.06,0.13,-6.64
Los Angeles Chargers,2017,62.8,4.8,1.9,75,7.8,7.9,12.4,95.1,1.13,7.5,3,7.5,0.13,0.13,5.35
New England Patriots,2017,66.3,5.5,1.4,64,7.9,8.3,11.9,102.6,2.19,12.6,5.6,7.6,0.13,0.13,12.4
Pittsburgh Steelers,2017,65.1,4.9,2.5,97,7.7,7.5,11.8,94.1,1.5,9.63,3.9,7,0.19,0.25,5.28
Tampa Bay Buccaneers,2017,62.5,4.3,2.3,70,7.6,7.4,12.2,90.6,2.5,15.1,6.2,6.6,0.13,0.19,2.57
New Orleans Saints,2017,72,4.3,1.5,54,8.1,8.3,11.2,103.9,1.25,9.06,3.6,7.7,0.13,0.13,4.92
Detroit Lions,2017,65.6,5.1,1.9,71,7.8,8,12,98.4,2.94,17.9,7.6,6.9,0.06,0.25,1.13
Kansas City Chiefs,2017,66.9,4.8,1.5,79,8,8.3,11.9,100.8,2.31,13.9,6.4,7.4,0.06,0.25,2.24
Atlanta Falcons,2017,64.7,4,2.3,88,7.8,7.6,12.1,92.4,1.5,9.75,4.3,7,0.13,0.19,3.52
San Francisco 49ers,2017,59.6,2.5,2.5,83,7,6.4,11.7,78.8,2.69,19.4,6.6,5.5,0.13,0.13,-4.21
Los Angeles Rams,2017,61.8,5.4,1.4,94,7.8,8.2,12.6,98.3,1.75,12,5.1,7.5,0.06,0.06,2.79
Minnesota Vikings,2017,67.7,4.7,1.5,65,7.5,7.7,11,99.1,1.69,11,4.9,7,0.06,0.19,5.34
Washington Commanders,2017,64.3,5,2.4,74,7.6,7.5,11.8,93.9,2.56,21.4,7.1,6.4,0.06,0.25,0.82
Philadelphia Eagles,2017,60.5,6.7,1.6,72,7,7.7,11.6,97.6,2.25,14.4,6,6.8,0.13,0.19,8.53
Seattle Seahawks,2017,61.3,6.1,2.2,74,7.2,7.4,11.7,94.4,2.69,20.1,7.2,6.3,0.13,0.13,0.73
Arizona Cardinals,2017,56.7,3.5,3,52,6.7,6,11.7,76.2,3.25,21.2,8,5,0.31,0.31,-4.42
Las Vegas Raiders,2017,62.2,4.1,2.5,87,6.7,6.4,10.8,85.3,1.5,8.13,4.1,5.9,0.06,0.06,-1.88
Jacksonville Jaguars,2017,60,4,2.5,75,7.1,6.7,11.8,84.4,1.5,7.69,4.4,6.2,0.06,0.06,2.63
Miami Dolphins,2017,62,4,3.5,65,6.3,5.5,10.2,78.7,2.06,16.1,5.2,4.8,0.19,0.25,-3.43
New York Giants,2017,61.3,3.3,2.3,77,6.1,5.7,9.9,79.8,2.13,12.6,5.3,5.1,0,0.06,-5.97
Denver Broncos,2017,58.7,3.4,3.9,54,6.5,5.4,11,73,3.25,20.9,8.4,4.4,0,0,-5.9
Houston Texans,2017,57,5.3,3.2,72,6.9,6.6,12.2,82.7,3.38,22.9,9.3,5.3,0.06,0.06,-1.64
Cleveland Browns,2017,54.4,2.6,4.9,56,6.2,4.5,11.3,61.4,3.13,19.3,8,3.6,0,0,-11.27
Tennessee Titans,2017,61.7,2.8,3.4,75,6.8,5.9,11.1,77.1,2.19,12.7,6.6,5.1,0.19,0.25,-3.7
New York Jets,2017,63.3,3.7,2.4,69,6.9,6.6,10.8,86.1,2.94,19.9,8.4,5.4,0.06,0.13,-0.74
Green Bay Packers,2017,62.6,4.4,3.2,72,6.3,5.7,10,81.9,3.19,22.8,8.3,4.7,0.25,0.25,-3.88
Dallas Cowboys,2017,62.7,4.5,2.6,81,6.7,6.5,10.8,86.3,2,11.6,6.1,5.7,0,0.25,-0.99
Cincinnati Bengals,2017,59.6,4.9,2.4,77,6.6,6.6,11.1,86,2.5,16.5,7.3,5.6,0.19,0.19,-1.47
Carolina Panthers,2017,58.5,4.4,3.2,64,6.6,6.1,11.3,79.8,2.19,15.1,6.5,5.2,0.06,0.19,-0.38
Baltimore Ravens,2017,64,3.5,2.3,66,5.7,5.4,8.9,81.4,1.69,12.8,4.5,4.8,0,0,-5.01
Indianapolis Colts,2017,58.5,2.7,1.8,80,6.6,6.3,11.3,79.7,3.5,20.9,10.3,5.1,0,0.06,-5.98
Buffalo Bills,2017,60.7,3.4,2.1,47,6.5,6.2,10.7,82.1,2.94,16.3,9,5.2,0.06,0.19,-4.13
Chicago Bears,2017,61.5,2.7,2.5,70,6.5,5.9,10.6,79.1,2.44,17.1,7.6,4.9,0,0.13,-4.59
New Orleans Saints,2016,70,5.6,2.2,98,7.8,7.9,11.1,102.5,1.69,11.5,3.9,7.4,0.13,0.25,7.28
Washington Commanders,2016,67.1,4.1,2,80,8.2,8.1,12.2,97.4,1.44,11.9,3.7,7.5,0.25,0.25,9.19
Atlanta Falcons,2016,69.6,7.1,1.3,76,9.2,10.1,13.3,116.8,2.31,14.7,6.4,9,0.06,0.13,15.2
New England Patriots,2016,66.9,5.8,0.4,79,8.1,9.1,12.1,109.5,1.5,9.25,4.2,8.5,0.13,0.13,14.4
Indianapolis Colts,2016,63.4,5.5,2.6,64,7.7,7.6,12.1,94.5,2.75,18.1,7,6.6,0.25,0.25,6.39
Pittsburgh Steelers,2016,63.9,5.5,2.5,72,7.3,7.3,11.5,93.9,1.31,10.9,3.4,6.8,0.19,0.19,4.47
Green Bay Packers,2016,65,6.5,1.3,60,7.2,7.9,11,102.3,2.19,15.4,5.3,7.1,0,0.13,11.2
Los Angeles Chargers,2016,60.2,5.7,3.6,59,7.6,7.1,12.6,87.6,2.25,11.8,5.8,6.4,0.06,0.06,3.91
Arizona Cardinals,2016,59.3,4.3,2.6,80,6.8,6.5,11.6,83.5,2.56,18.1,6,5.7,0.06,0.19,1.32
Seattle Seahawks,2016,64.9,4.1,2.1,59,7.8,7.7,12,93.4,2.63,18.6,6.9,6.6,0.25,0.19,3.86
Detroit Lions,2016,65.3,4,1.7,73,7.3,7.3,11.2,93.3,2.31,13.5,5.9,6.6,0.5,0.5,4.76
Baltimore Ravens,2016,64.7,2.9,2.4,95,6.4,5.9,9.9,82.6,2.06,15.2,4.6,5.3,0.13,0.13,-3.15
Las Vegas Raiders,2016,63.6,4.9,1.2,75,6.9,7.4,10.9,95.3,1.13,5.38,2.9,7,0.44,0.44,3.99
Chicago Bears,2016,62.1,3.4,3.4,64,7.4,6.6,11.9,81.8,1.75,10.6,4.8,6,0,0,-0.9
Cincinnati Bengals,2016,64.7,3.2,1.4,86,7.5,7.5,11.6,91.8,2.56,16.5,6.8,6.5,0.13,0.06,4.54
Tampa Bay Buccaneers,2016,61.4,5,3.1,45,7.2,6.8,11.7,87,2.19,14.9,5.7,6,0.06,0.19,4.93
New York Giants,2016,63,4.3,2.7,75,6.7,6.4,10.7,86,1.38,9.25,3.5,5.9,0.19,0.38,0
Minnesota Vikings,2016,70.4,3.4,0.9,71,7,7.3,9.9,97.7,2.38,17.7,6.1,6.4,0.06,0.06,3.12
Kansas City Chiefs,2016,66.8,3.5,1.5,80,7.2,7.2,10.7,93.2,2,10.9,5.5,6.5,0.19,0.19,2.18
Jacksonville Jaguars,2016,58.9,3.8,2.6,51,6.3,5.9,10.6,79.5,2.13,12.3,5.2,5.3,0.06,0.06,0.77
Denver Broncos,2016,59.5,3.5,1.9,76,6.9,6.7,11.5,83.9,2.5,14.3,6.6,5.9,0.19,0.13,-0.6
Carolina Panthers,2016,54.4,3.7,3.4,88,7,6.3,12.9,75.1,2.25,17.3,6,5.4,0,0,-0.75
Dallas Cowboys,2016,67.3,5.2,1.2,83,7.9,8.3,11.7,103,1.75,10.5,5.5,7.6,0.31,0.31,6.49
Philadelphia Eagles,2016,62.4,2.6,2.3,73,6.2,5.7,10,79.2,2.06,13.3,5.1,5.1,0.06,0.06,0.94
Tennessee Titans,2016,60.9,5.8,2.2,60,7.4,7.5,12.1,93.7,1.75,11.2,5.3,6.8,0.13,0.13,2.68
Miami Dolphins,2016,66.2,5.7,3.1,74,7.8,7.5,11.8,95.5,1.88,13.5,5.9,6.6,0.25,0.31,1.11
New York Jets,2016,56.5,2.9,4.5,69,6.6,5.2,11.7,67.6,2.19,11.2,6,4.5,0.06,0.06,-3.87
Cleveland Browns,2016,59.6,2.6,2.5,58,6.5,5.9,10.9,77.4,4.13,26.8,10.4,4.6,0,0,-0.61
Houston Texans,2016,59.5,2.6,2.7,53,5.9,5.1,9.9,73.3,2,15.1,5.2,4.5,0.25,0.25,-1.77
Buffalo Bills,2016,60.3,3.6,1.5,84,6.9,6.9,11.4,86.7,2.88,13.4,8.8,5.9,0.06,0.06,2.3
Los Angeles Rams,2016,58.2,2.6,3.7,66,6.2,5,10.6,69.5,3.06,22.6,8.4,4,0.06,0.13,-7.72
San Francisco 49ers,2016,58.5,4.3,2,75,6.4,6.4,11,83.4,2.94,15.9,8.7,5.4,0.06,0.06,-2.35
New Orleans Saints,2015,69,4.8,1.8,80,7.8,8,11.3,100.6,2,14.7,4.6,7.3,0.06,0.13,11.2
Arizona Cardinals,2015,62.8,6.2,2.3,68,8.5,8.7,13.5,100.9,1.69,9.94,4.6,8,0.06,0.25,12.6
Pittsburgh Steelers,2015,66.3,4.4,3.6,88,8.2,7.5,12.3,91.2,2.06,13.7,5.3,6.7,0.13,0.19,6.38
Los Angeles Chargers,2015,66.3,4.5,1.9,80,7.3,7.3,11,94.5,2.5,16.5,5.7,6.5,0.06,0.13,5.48
New England Patriots,2015,64.2,5.7,1.1,76,7.7,8.3,11.9,101.9,2.38,14.1,5.7,7.5,0.13,0.13,10.8
Atlanta Falcons,2015,66,3.4,2.7,70,7.4,6.9,11.2,87.8,2,13.9,4.9,6.2,0.25,0.25,7.71
New York Giants,2015,62.9,5.8,2.2,87,7.2,7.4,11.5,94.5,1.69,9.81,4.2,6.8,0.06,0.13,5.11
Baltimore Ravens,2015,63,3.1,3.1,50,6.6,5.8,10.4,79.4,1.5,11.1,3.4,5.4,0.19,0.19,0.69
Detroit Lions,2015,66.5,5.2,2.2,57,7.1,7.1,10.6,95.1,2.75,15.7,6.5,6.3,0.13,0.19,4.91
Jacksonville Jaguars,2015,58.5,5.8,3,90,7.3,7.1,12.5,88.1,3.19,20,7.8,6.1,0.19,0.25,3.01
Washington Commanders,2015,69.5,5.4,2,78,7.7,7.9,11.1,102,1.69,12.4,4.6,7.2,0.13,0.19,8.22
Philadelphia Eagles,2015,65,3.7,2.9,78,7,6.4,10.7,85.6,2.31,15.9,5.6,5.7,0,0.13,2.31
New York Jets,2015,59.9,5.5,2.6,69,6.9,6.8,11.5,88,1.38,7.06,3.5,6.4,0.13,0.19,6.07
Denver Broncos,2015,60.7,3.1,3.8,75,7,5.9,11.5,76.3,2.44,15.4,6,5.1,0.31,0.31,0.02
Cincinnati Bengals,2015,66.1,6.1,1.8,80,8.1,8.6,12.3,104.1,2,11.3,6,7.7,0.19,0.19,8.98
Las Vegas Raiders,2015,61.7,5.6,2.3,68,6.8,6.9,11.1,91,2.06,15.6,5.2,6.2,0.25,0.25,3.55
Tampa Bay Buccaneers,2015,58.3,4.1,2.8,68,7.6,7.1,13,84.2,1.69,11.9,4.8,6.4,0.13,0.19,4.9
Houston Texans,2015,57.8,4.7,1.9,61,6.6,6.7,11.4,85.3,2.25,15.4,5.5,5.9,0.19,0.19,1.49
Miami Dolphins,2015,62.1,4.1,2,54,7.2,7.1,11.6,88.9,2.81,26.3,7.1,5.9,0.13,0.13,1.74
Seattle Seahawks,2015,68.1,7,1.6,80,8.3,9,12.2,109.8,2.88,16.9,8.6,7.7,0.13,0.13,10.9
Cleveland Browns,2015,60.9,3.3,2,61,6.8,6.6,11.2,84,3.31,23.4,8,5.5,0.06,0.06,0.27
Indianapolis Colts,2015,57.4,4.2,3.1,87,6.3,5.8,11.1,77.5,2.31,14,5.6,5.1,0.13,0.25,0.94
Chicago Bears,2015,63.9,4,2.3,87,7.3,7.1,11.5,89.7,2.13,11.4,6.1,6.4,0.25,0.25,3.09
Carolina Panthers,2015,59.9,7,2,74,7.7,8.2,12.9,99.2,2.06,17.8,6.2,7.2,0.19,0.25,6.51
Tennessee Titans,2015,62.1,4.5,3.1,61,7.1,6.6,11.4,85.5,3.38,24.4,8.9,5.4,0.13,0.13,-0.7
Green Bay Packers,2015,60.7,5.4,1.4,65,6.7,7.1,11,92.7,2.94,20.1,7.6,6.1,0.13,0.13,5.71
Dallas Cowboys,2015,63.3,3,4.2,67,7,5.7,11,76.6,2.06,12.9,5.9,5,0.13,0.19,-1.76
Buffalo Bills,2015,63.4,4.9,1.9,63,7.7,7.9,12.2,95.6,2.63,16.1,8.3,6.7,0.06,0.13,2.53
San Francisco 49ers,2015,61.2,3,2.3,76,6.9,6.5,11.3,82.6,3.31,20.6,9.2,5.3,0.13,0.13,-1.42
Kansas City Chiefs,2015,65.5,4.2,1.5,80,7.4,7.6,11.3,95.4,2.88,14.9,8.9,6.4,0.06,0.06,2.22
Minnesota Vikings,2015,64.8,3.1,2,52,7.1,6.9,11,87.9,2.81,19.9,9,5.6,0.06,0.13,1.19
Los Angeles Rams,2015,57.7,2.3,2.3,68,6.2,5.6,10.7,74.1,1.13,7.88,3.7,5.2,0.06,0.06,-3.05
Indianapolis Colts,2014,62,6.4,2.4,80,7.7,7.8,12.3,96.8,1.81,10.5,4.2,7.3,0.06,0.06,9.03
Pittsburgh Steelers,2014,67.2,5.4,1.6,94,8.2,8.5,12.2,103.2,2.06,10.8,5.1,7.8,0.13,0.19,11.3
New Orleans Saints,2014,69.2,5,2.6,69,7.5,7.4,10.9,97,1.88,11.8,4.4,6.8,0.13,0.13,9.2
Denver Broncos,2014,65.7,6.6,2.5,86,7.9,8.1,12,101.3,1.06,7.38,2.7,7.7,0.06,0.06,10.1
Atlanta Falcons,2014,66.1,4.4,2.4,79,7.5,7.3,11.4,93.4,1.94,12.8,4.7,6.7,0.19,0.19,5.83
Philadelphia Eagles,2014,61.8,4.3,3.4,72,7.4,6.7,11.9,84.8,2,14.1,4.9,6.1,0.13,0.19,4.7
New York Giants,2014,63.1,4.9,2.3,80,7.4,7.3,11.7,92.2,1.88,12.4,4.7,6.7,0.06,0.06,5.28
Green Bay Packers,2014,65.1,7.1,1.1,80,8.3,9.2,12.7,109.9,1.88,11.6,5.3,8.4,0.06,0.06,13.5
New England Patriots,2014,64.4,5.6,1.5,69,7,7.5,10.9,97.5,1.63,10.6,4.1,6.9,0.13,0.13,11.7
Los Angeles Chargers,2014,66.2,5.4,3.1,59,7.5,7.2,11.3,93.4,2.31,12.4,6.1,6.4,0.19,0.19,7.16
Washington Commanders,2014,66.5,3.3,3.3,81,8.2,7.3,12.3,88.8,3.63,25.9,9.6,5.9,0.06,0.19,2.14
Detroit Lions,2014,60.4,3.6,2,73,7.1,6.9,11.7,85.9,2.81,15.9,6.9,6.1,0.31,0.31,5.3
Baltimore Ravens,2014,62.1,4.9,2.2,80,7.2,7.2,11.6,91,1.19,10.4,3.3,6.7,0.13,0.13,9.97
Arizona Cardinals,2014,56.3,3.7,2.1,81,7,6.8,12.5,81.8,1.75,11.4,4.7,6.2,0.19,0.19,3.25
Chicago Bears,2014,65,4.9,3.1,74,6.6,6.2,10.2,87.3,2.56,15.2,6.3,5.4,0.06,0.06,0.01
Dallas Cowboys,2014,68.9,7.8,2.3,68,8.4,8.9,12.2,110.9,1.88,14,5.9,8,0.19,0.25,11.6
Miami Dolphins,2014,66.2,4.5,2,50,6.8,6.8,10.3,92.5,2.88,21.1,7.2,5.8,0.13,0.06,5.1
Buffalo Bills,2014,62.7,4,2.2,84,6.7,6.4,10.6,86,2.44,15.1,6.3,5.6,0.13,0.19,1.13
Carolina Panthers,2014,60,4.2,2.2,51,7,6.9,11.7,86.2,2.63,19.8,7.2,5.8,0.19,0.13,3.62
Cleveland Browns,2014,54.6,2.4,3.2,81,7.3,6.4,13.4,72.8,1.94,13.3,5.8,5.6,0.25,0.25,1.51
Cincinnati Bengals,2014,64.2,4,3.4,81,7.1,6.3,11,84.2,1.44,8.13,4.4,5.8,0.25,0.19,1.06
Tennessee Titans,2014,58.3,3.9,3.1,80,7.3,6.7,12.5,81,3.13,20.4,8.9,5.5,0,0,-2.03
Los Angeles Rams,2014,63.5,3.9,3.1,63,7.2,6.6,11.3,84.9,2.94,18.4,8.4,5.5,0.06,0.13,0.09
Houston Texans,2014,60.8,4.5,2.7,76,7.1,6.8,11.7,86.4,1.63,6.75,5.1,6.3,0.06,0.06,3.37
Tampa Bay Buccaneers,2014,56.7,4,3.8,56,6.8,5.9,12,75.2,3.25,20.4,8.9,4.8,0.06,0.06,-1.22
Las Vegas Raiders,2014,58,3.5,2.5,77,5.5,5,9.5,74.4,1.75,11.3,4.3,4.6,0.06,0.06,-3.62
Seattle Seahawks,2014,63.2,4.4,1.5,80,7.7,7.9,12.2,95.1,2.63,15.1,8.5,6.7,0.06,0.25,5.59
Minnesota Vikings,2014,62.3,3.3,3.5,87,6.9,6,11.1,79.2,3.19,20.1,9,4.9,0.19,0.19,0.48
Kansas City Chiefs,2014,64.9,3.7,1.2,70,7,7.1,10.7,92.2,3.06,15.4,9,6,0.19,0.19,3.73
San Francisco 49ers,2014,60,4.1,2.1,80,7,6.9,11.7,86.3,3.25,21.5,9.6,5.6,0.19,0.13,2.72
Jacksonville Jaguars,2014,58.3,2.7,3.2,63,6.2,5.3,10.6,72,4.44,28.1,11.3,4,0.06,0.06,-6.53
New York Jets,2014,57.6,3.2,3,74,6.4,5.7,11.2,75.1,2.94,16.3,8.6,4.8,0.06,0.13,-1.04
Denver Broncos,2013,68.3,8.1,1.5,78,8.3,9.2,12.1,114.4,1.25,8,2.9,8.8,0.13,0.13,18
New Orleans Saints,2013,68.5,6,1.8,76,7.9,8.3,11.6,104.5,2.31,15.3,5.4,7.5,0.13,0.13,11.6
Detroit Lions,2013,58.5,4.6,3,87,7.3,6.9,12.5,84.2,1.44,10.5,3.5,6.4,0.13,0.19,4.25
Los Angeles Chargers,2013,69.5,5.9,2,60,8.2,8.5,11.8,105.5,1.88,9.38,5.2,7.8,0.25,0.25,12.4
Chicago Bears,2013,64.4,5.5,2.2,80,7.7,7.8,11.9,96.9,1.88,10.6,4.9,7.1,0.25,0.25,5.17
Green Bay Packers,2013,64.2,4.4,2.8,83,8,7.6,12.4,91.7,2.81,16.9,7.3,6.6,0.25,0.19,6.02
Atlanta Falcons,2013,67.5,3.9,2.6,81,6.9,6.5,10.2,89.5,2.75,18.6,6.3,5.7,0.06,0.06,4.9
Cincinnati Bengals,2013,62,5.6,3.4,82,7.4,6.9,11.9,89,1.81,11.4,4.7,6.3,0.06,0.19,4.78
Philadelphia Eagles,2013,61,6.3,1.8,70,8.7,9.1,14.2,102.7,2.88,18.5,8.3,7.8,0.06,0.06,7.04
New England Patriots,2013,60.5,4,1.8,81,6.9,6.9,11.4,87.3,2.5,16,6,6.1,0.31,0.31,6.97
Cleveland Browns,2013,55.7,3.8,2.9,95,6.4,5.9,11.5,75.7,3.06,20.8,6.7,5,0.06,0.13,-4.34
Pittsburgh Steelers,2013,64.3,4.8,2.4,67,7.3,7.2,11.4,92.3,2.69,18.1,6.8,6.3,0.06,0.19,4.57
Arizona Cardinals,2013,63.2,4.2,3.8,91,7.5,6.6,11.8,83.9,2.56,18.1,6.7,5.7,0.19,0.25,2.72
Dallas Cowboys,2013,64,5.6,2,82,7.2,7.4,11.3,95.7,2.19,17,5.6,6.6,0.13,0.25,4.69
Houston Texans,2013,58.6,3,3.5,66,6.6,5.6,11.3,74,2.63,23.1,6.2,4.7,0.13,0.13,-4.22
Washington Commanders,2013,58.1,3.3,3.1,62,6.6,5.9,11.4,76.1,2.69,19.1,6.6,5,0.06,0.13,-2
Indianapolis Colts,2013,60.1,4,1.7,73,6.8,6.8,11.3,86.5,2,14.2,5.2,6.1,0.19,0.19,5.39
Baltimore Ravens,2013,58.6,3.1,3.7,74,6.3,5.3,10.8,72,3,20.3,7.2,4.4,0.13,0.25,-0.61
New York Giants,2013,57.3,3.2,5.1,70,6.8,5.2,11.9,67.6,2.5,17.9,6.6,4.4,0.06,0.13,-1.64
Miami Dolphins,2013,60.1,4,3.2,67,6.7,6,11.1,80.1,3.63,24.9,8.9,4.9,0.25,0.19,1.15
Tennessee Titans,2013,61.5,4.1,3,77,7,6.4,11.3,83.6,2.31,13.4,6.5,5.6,0.19,0.25,3.69
Jacksonville Jaguars,2013,59,2.7,3.5,67,6.3,5.3,10.7,71.8,3.13,19.4,7.8,4.4,0.06,0.06,-4.23
Minnesota Vikings,2013,59.5,3.3,3.5,79,6.7,5.8,11.2,76,2.75,13.6,7.5,5,0.19,0.13,-0.25
Las Vegas Raiders,2013,57.4,3.3,3.9,73,7,5.9,12.2,73.9,2.75,18.1,7.8,4.9,0,0,-1.89
Kansas City Chiefs,2013,61,4.4,1.5,71,6.5,6.7,10.7,88.6,2.56,13.8,7,5.9,0.06,0.06,3.68
Seattle Seahawks,2013,63.6,6.4,2.1,80,8.4,8.7,13.1,102.4,2.75,17,9.5,7.3,0.19,0.25,7.07
Los Angeles Rams,2013,59.5,4.3,2.2,81,6.6,6.5,11.2,84.8,2.25,14.7,6.6,5.7,0.06,0.06,1.24
Buffalo Bills,2013,57.3,3.1,2.9,59,6.5,5.8,11.3,75,3,16.9,8.4,4.8,0.13,0.19,-3.06
Carolina Panthers,2013,61.7,5.1,2.7,79,7.1,6.9,11.6,88.8,2.69,21,8.3,5.7,0.25,0.25,4.04
San Francisco 49ers,2013,58.5,5,1.9,64,7.7,7.8,13.2,91.7,2.44,14.4,8.6,6.7,0.13,0.19,4.47
New York Jets,2013,55.4,2.7,4.6,69,6.8,5.3,12.3,66.6,2.94,21.1,8.9,4.2,0.13,0.31,-4.18
Tampa Bay Buccaneers,2013,56.6,4.3,2.3,85,6.2,6,10.9,79.6,2.94,22.6,8.4,4.8,0.13,0.13,-2.33
New Orleans Saints,2012,63,6.4,2.8,80,7.7,7.7,12.3,96.4,1.63,11.9,3.7,7.2,0.06,0.13,6.42
Detroit Lions,2012,60.1,3,2.3,57,6.9,6.5,11.5,81.5,1.81,13.3,3.8,6,0.19,0.19,0.12
Dallas Cowboys,2012,66,4.4,2.9,85,7.6,7.2,11.5,91.3,2.25,16.4,5.2,6.4,0.31,0.31,3.84
New England Patriots,2012,62.7,5.3,1.4,83,7.6,8,12,97.7,1.69,11.4,4,7.4,0.06,0.13,11.9
Denver Broncos,2012,68.4,6.3,1.9,71,7.9,8.4,11.6,105.3,1.31,8.56,3.4,7.8,0.19,0.19,10.8
Atlanta Falcons,2012,68.6,5.2,2.3,80,7.7,7.7,11.2,99.1,1.75,13.1,4.4,7,0.25,0.38,7.34
Indianapolis Colts,2012,54,3.7,2.9,70,7,6.4,12.9,76.4,2.56,15.4,6.1,5.6,0.25,0.44,-0.68
Las Vegas Raiders,2012,59.8,3.8,2.5,64,6.8,6.4,11.4,82.4,1.69,13,4.1,5.9,0.13,0.13,-1.11
Green Bay Packers,2012,67,7.2,1.4,73,7.8,8.6,11.6,108.3,3.19,18.3,8.4,7.4,0.13,0.19,5.51
Tampa Bay Buccaneers,2012,54.9,4.8,3,95,7.3,6.9,13.3,81.8,1.63,10.1,4.4,6.3,0.06,0.06,0.18
Houston Texans,2012,63.9,4,2.3,60,7.3,7,11.4,89.2,1.75,13.5,4.8,6.3,0.13,0.13,4.1
New York Giants,2012,59.9,4.8,2.8,80,7.4,7.1,12.3,87.2,1.25,8.88,3.6,6.6,0.19,0.19,2.15
Philadelphia Eagles,2012,59.4,2.9,2.4,77,6.6,6.1,11.1,78.6,3,17.8,7.2,5.2,0.25,0.25,-5.52
Pittsburgh Steelers,2012,61.7,4.7,2.4,82,7,6.8,11.3,88.1,2.31,14.1,6.1,6.1,0.19,0.25,0.1
Baltimore Ravens,2012,59.6,3.9,2,61,7.1,7,12,86.4,2.38,16.1,6.4,6.2,0.19,0.19,5.3
Carolina Panthers,2012,58,3.9,2.4,82,8,7.7,13.8,86.5,2.25,15.3,6.8,6.7,0.06,0.06,3.13
Cincinnati Bengals,2012,62,5.2,3,73,7.1,6.8,11.4,88.1,2.88,14.3,7.8,5.8,0.13,0.25,-2.77
Los Angeles Rams,2012,59.6,3.9,2.5,80,6.8,6.5,11.4,82.7,2.19,14.6,5.9,5.7,0.25,0.19,-3.33
Cleveland Browns,2012,58,2.8,3.2,71,6.5,5.6,11.2,73.5,2.25,14.6,6,4.9,0.06,0.06,-4.55
Washington Commanders,2012,65.8,5.4,1.8,88,8.3,8.6,12.6,102.1,2.06,15.3,6.9,7.5,0.25,0.19,2.65
Jacksonville Jaguars,2012,56,3.4,2.9,81,6.4,5.8,11.4,74.7,3.13,20.4,7.9,4.8,0.06,0.06,-7.61
Tennessee Titans,2012,58.9,3.1,3,71,6.6,5.9,11.2,76.9,2.44,15.9,6.7,5.1,0.13,0.19,-3.04
San Francisco 49ers,2012,66.3,5.3,1.8,57,8.1,8.4,12.3,101.2,2.56,15.8,8.6,7.1,0.06,0.06,1.98
Los Angeles Chargers,2012,64,4.9,2.8,80,6.8,6.5,10.7,88.5,3.06,19.4,8.5,5.4,0,0,-1.23
Buffalo Bills,2012,60.5,4.7,3.3,68,6.7,6.2,11.1,82.2,1.88,10.1,5.5,5.5,0,0.06,-2.8
Miami Dolphins,2012,58.1,2.6,2.6,80,6.8,6.2,11.7,76.7,2.31,15.2,6.8,5.3,0.06,0.06,-1.06
Seattle Seahawks,2012,64,6.7,2.5,67,8,8.2,12.5,100.6,2.06,12.7,7.5,7.1,0.19,0.25,3.53
Arizona Cardinals,2012,55.4,1.8,3.5,53,5.6,4.4,10,63.1,3.63,23.6,8.7,3.4,0.19,0.19,-12.35
Chicago Bears,2012,59.2,4.3,3.3,60,6.8,6.2,11.5,80.4,2.75,18.7,8.3,5.1,0.06,0.06,-1.3
New York Jets,2012,55.2,2.8,3.9,66,6.4,5.3,11.7,68.3,2.94,17.9,8.7,4.3,0.13,0.13,-6.08
Minnesota Vikings,2012,62.1,3.7,2.5,65,6.1,5.7,9.8,81.2,2,11.5,6.2,5,0.06,0.13,-1.94
Kansas City Chiefs,2012,57.5,1.7,4.2,57,6.2,4.6,10.8,63.8,2.5,14,7.8,3.8,0.06,0.06,-8.58
New Orleans Saints,2011,71.3,6.9,2.1,79,8.3,8.8,11.7,110.5,1.5,9.88,3.5,8.2,0.19,0.25,12.2
New England Patriots,2011,65.7,6.4,2,99,8.6,9,13.1,105.7,2,10.8,5,8.3,0.06,0.13,11.5
Green Bay Packers,2011,68.1,9.2,1.4,93,9.3,10.5,13.7,122.6,2.56,14.8,6.9,9.4,0.06,0.13,11.2
Detroit Lions,2011,63.5,6.2,2.4,73,7.6,7.8,12,97.2,2.25,16.1,5.1,7,0.19,0.25,5.45
New York Giants,2011,61,4.9,2.7,99,8.4,8.1,13.7,92.9,1.75,12.4,4.5,7.4,0.31,0.38,6.07
Los Angeles Chargers,2011,62.9,4.6,3.4,58,7.9,7.3,12.6,88.7,1.88,12.4,4.9,6.6,0.06,0.06,2.85
Dallas Cowboys,2011,66,5.8,2.1,77,7.8,8,11.8,100.1,2.44,15.8,6.4,7.1,0.25,0.25,3.86
Atlanta Falcons,2011,61.4,4.9,2.2,80,7.3,7.3,12,91.1,1.63,10.8,4.2,6.8,0.19,0.19,3.86
Philadelphia Eagles,2011,59.6,4,4.5,73,7.7,6.5,13,78.3,2,10.4,5.5,5.8,0,0.06,-1.55
Pittsburgh Steelers,2011,63.3,3.9,2.8,95,8,7.6,12.7,89.7,2.63,17.4,7.2,6.5,0.06,0.06,-0.59
Las Vegas Raiders,2011,60.1,3.8,4.4,78,7.9,6.6,13.1,79.4,1.56,9.81,4.6,6.1,0.06,0.13,-1.91
Tennessee Titans,2011,60.4,3.8,2.4,80,7,6.7,11.7,84.4,1.5,11.9,3.9,6.1,0.13,0.19,-0.15
Carolina Panthers,2011,60.1,4,3.3,91,7.9,7.2,13.1,84.8,2.19,16.3,6.3,6.3,0.06,0.06,0.65
Washington Commanders,2011,58.5,3.2,4.1,51,6.9,5.7,11.7,73.3,2.56,17.8,6.5,4.9,0.13,0.13,-6.02
Buffalo Bills,2011,61.6,4.2,4.3,60,6.7,5.6,10.8,77,1.44,9.63,3.8,5.1,0.13,0.13,-3.86
Tampa Bay Buccaneers,2011,62.1,2.9,4.1,65,6.5,5.3,10.5,73.6,2,11.8,5.2,4.7,0.06,0.13,-7.57
Arizona Cardinals,2011,55.8,3.8,4.2,73,7.2,6.1,12.9,73.9,3.38,24.2,8.9,4.9,0.38,0.38,-3.44
Houston Texans,2011,61.7,4.3,1.9,80,7.9,7.9,12.8,92.7,2.06,11.9,6.6,7,0.06,0.19,1.26
Baltimore Ravens,2011,57.7,3.9,2.2,74,6.7,6.5,11.6,81.7,2.06,12.9,5.7,5.7,0.13,0.19,1.14
Cincinnati Bengals,2011,57.6,3.9,2.6,84,6.6,6.2,11.4,79.6,1.56,10.4,4.5,5.6,0.31,0.31,-1.44
New York Jets,2011,56.7,4.8,3.3,74,6.5,5.9,11.4,78.4,2.5,15.3,6.8,5.1,0.25,0.25,-5.98
Seattle Seahawks,2011,58.7,2.9,2.8,61,6.8,6.1,11.5,77.6,3.13,21.2,8.9,5,0.06,0.06,-3.12
Miami Dolphins,2011,59.7,4.3,2.8,65,7.3,6.9,12.2,84.9,3.25,20.9,10,5.6,0.06,0.06,-2.06
Cleveland Browns,2011,56.1,2.8,2.3,76,5.8,5.3,10.3,72.8,2.44,13.1,6.4,4.6,0.06,0.19,-5.32
Kansas City Chiefs,2011,59.8,2.6,3.6,52,6.6,5.5,11,73,2.13,13,6.4,4.7,0.06,0.13,-4.47
Chicago Bears,2011,56.7,3.8,4.2,81,7.1,5.9,12.5,73.8,3.06,20.9,9.4,4.7,0.06,0.06,-7.35
Indianapolis Colts,2011,56.6,2.6,2.6,87,6,5.4,10.7,72.2,2.19,14.3,6.2,4.6,0.06,0.06,-5.14
Minnesota Vikings,2011,56.1,3.9,3.3,72,6.4,5.7,11.4,74.6,3.06,18.6,8.8,4.6,0,0.13,-5.64
San Francisco 49ers,2011,61.4,4,1.1,56,7.1,7.4,11.5,91.4,2.75,16.4,8.9,6.2,0.31,0.31,-0.81
Los Angeles Rams,2011,53.2,1.6,1.8,68,5.9,5.4,11.2,69,3.44,24.3,9.1,4.3,0.06,0.06,-9.72
Denver Broncos,2011,50.6,4.7,3,56,6.3,5.9,12.5,73.5,2.63,17.1,8.9,4.8,0.31,0.31,-5.49
Jacksonville Jaguars,2011,51.2,2.6,3.2,74,5.4,4.4,10.5,62.2,2.75,20.7,8.6,3.4,0,0,-8.61
Indianapolis Colts,2010,66.3,4.9,2.5,73,6.9,6.8,10.4,91.9,1,5.69,2.3,6.5,0,0.13,6.45
Los Angeles Chargers,2010,66,5.5,2.4,59,8.7,8.8,13.2,101.9,2.38,14.2,6.5,7.8,0.06,0.06,7.32
New Orleans Saints,2010,68.1,5,3.3,80,7,6.5,10.3,90.8,1.63,12.2,3.8,6,0.25,0.31,4.99
Houston Texans,2010,63.6,4.2,2.1,60,7.6,7.5,12,92,2,14.1,5.3,6.7,0.13,0.13,3.85
Green Bay Packers,2010,65.1,5.7,2.4,86,8,8.1,12.4,98.9,2.38,14.4,6.6,7.2,0,0.06,4.99
Dallas Cowboys,2010,65.8,5,3.3,71,7.3,6.8,11.1,90.4,1.94,10.4,5.1,6.2,0.13,0.19,-1.31
Denver Broncos,2010,57.6,4.3,2.1,71,7.4,7.4,12.9,86.8,2.5,16.8,6.5,6.4,0.13,0.13,0.14
Washington Commanders,2010,57.7,3.5,3.1,76,7,6.3,12.2,78,2.88,21.8,7.1,5.3,0.13,0.19,-2.41
Philadelphia Eagles,2010,62,5,2.3,91,7.5,7.5,12.1,92.1,3.06,19.3,8,6.4,0.25,0.19,1.58
New York Giants,2010,62.9,5.8,4.6,92,7.4,6.5,11.8,85.3,1,7.31,2.9,6.1,0.06,0.06,2.5
New England Patriots,2010,65.3,7.3,1,79,7.9,8.9,12.2,109.8,1.56,10.9,4.7,8.2,0.13,0.19,5.94
Detroit Lions,2010,60.5,4.1,2.5,87,6.3,6,10.4,82,1.69,11.9,4.1,5.5,0.25,0.19,-2.8
Cincinnati Bengals,2010,61.9,4.4,3.4,78,6.8,6.1,10.9,82.4,1.75,13.8,4.5,5.5,0.06,0.06,-0.76
Pittsburgh Steelers,2010,62.2,4.6,1.9,56,8.1,8.2,13.1,95.2,2.69,18.1,8.2,7,0.13,0.25,-0.83
Atlanta Falcons,2010,62.6,4.9,1.6,46,6.5,6.7,10.3,90.8,1.44,9.88,3.8,6.2,0.31,0.38,3.98
Miami Dolphins,2010,60.1,3.1,3.8,57,6.7,5.7,11.2,74.8,2.38,14.3,6.4,4.9,0,0.06,-3.92
Tampa Bay Buccaneers,2010,61.9,5.3,1.2,64,7.2,7.7,11.6,96.2,1.88,12.7,5.7,6.9,0.31,0.31,-0.04
San Francisco 49ers,2010,56.4,3.8,3,66,7.2,6.6,12.8,79.4,2.75,16.1,8.1,5.6,0.13,0.13,-1.57
Seattle Seahawks,2010,59.6,2.6,3.7,87,6.5,5.4,10.9,72.1,2.19,12.2,6,4.7,0,0,-5.81
Baltimore Ravens,2010,62.7,5.1,2,67,7.4,7.5,11.8,93.6,2.5,18.4,7.5,6.4,0.13,0.25,2.38
Los Angeles Rams,2010,60,3.1,2.5,49,6,5.4,9.9,76.5,2.13,15.3,5.4,4.7,0,0,-4.96
New York Jets,2010,54.9,3.8,2.7,74,6.5,6.1,11.9,76.5,1.75,11.1,5.1,5.4,0.19,0.31,-2.96
Las Vegas Raiders,2010,56.8,3.7,3.3,73,7.1,6.3,12.4,77.5,2.75,18.2,8.2,5.3,0.13,0.13,-2.97
Buffalo Bills,2010,57,4.6,4,65,6.5,5.6,11.4,75.2,2.13,13.3,6.1,4.9,0.06,0.06,-5.55
Tennessee Titans,2010,57.6,5.1,3.2,80,6.9,6.5,12,82.6,1.69,10.7,5.4,5.8,0.06,0.13,2.22
Minnesota Vikings,2010,60.4,2.8,5.1,53,6.6,4.8,10.9,67.7,2.25,14.4,6.7,4.1,0.06,0.13,-4.23
Jacksonville Jaguars,2010,62,5.5,4.5,75,7.2,6.2,11.5,83.4,2.38,18.2,7.5,5.2,0.06,0.31,-1.76
Chicago Bears,2010,59.2,4.9,4.5,89,7.3,6.2,12.3,79.5,3.5,23.9,10.7,4.8,0.25,0.25,-6.51
Cleveland Browns,2010,61.9,2.7,3.8,65,6.7,5.6,10.8,75,2.25,13.4,7,4.7,0.06,0.13,-4.4
Kansas City Chiefs,2010,57.7,5.7,1.7,75,6.7,7.1,11.6,90.1,2,13.8,6.3,6.2,0.06,0.13,-0.55
Arizona Cardinals,2010,50.8,1.8,3.4,74,5.8,4.7,11.5,60.5,3.13,21.4,8.2,3.7,0.13,0.19,-9.95
Carolina Panthers,2010,52.9,1.9,4.3,88,5.4,3.9,10.3,57,3.13,21.6,9.4,2.9,0.06,0.06,-11.01
Houston Texans,2009,67.3,4.9,2.9,72,8.1,7.8,12,96.3,1.56,9.31,4,7.2,0.13,0.25,5.59
Indianapolis Colts,2009,66.9,5.7,3.2,80,7.7,7.4,11.5,95.4,0.81,5.63,2.1,7.1,0.44,0.44,10.3
New England Patriots,2009,65.9,4.7,2.2,81,7.7,7.6,11.6,95.6,1.13,6.5,3,7.2,0.06,0.06,4.81
New Orleans Saints,2009,69.5,6.3,2.2,75,8.3,8.5,11.9,106,1.25,8.44,3.5,8,0.13,0.25,8.59
Los Angeles Chargers,2009,65.1,5.6,1.9,81,8.7,8.9,13.3,103.1,1.63,10.5,4.8,8.2,0.19,0.31,6.9
Dallas Cowboys,2009,63.1,4.7,1.6,80,8.2,8.4,12.9,97.6,2.13,12.3,5.8,7.5,0.19,0.19,2.13
Green Bay Packers,2009,64.6,5.4,1.4,83,8.1,8.6,12.6,101.8,3.19,19.5,8.4,7.3,0.13,0.13,4.82
Minnesota Vikings,2009,68.2,6.1,1.3,63,8,8.6,11.7,107.3,2.13,15.4,5.8,7.7,0.13,0.13,10
Pittsburgh Steelers,2009,65.5,5.2,2.6,60,8.4,8.3,12.8,98.1,3.13,21.8,8.5,7,0.13,0.19,2.1
Philadelphia Eagles,2009,60.6,4.9,2.4,71,7.9,7.8,13.1,92,2.38,18.2,6.4,6.8,0.13,0.19,-0.04
New York Giants,2009,62.4,5.2,2.6,74,7.8,7.7,12.6,93.2,2,14.2,5.6,6.9,0.06,0.13,3.85
Arizona Cardinals,2009,66,4.5,3,45,7.1,6.6,10.7,89.1,1.63,11.5,4.2,6,0.06,0.13,-1.08
Denver Broncos,2009,61.1,3.8,2.3,87,6.9,6.6,11.2,84.4,2.13,12.4,5.7,5.8,0.19,0.19,-1.86
Atlanta Falcons,2009,58.2,4.6,3,90,6.5,6.1,11.1,80.4,1.69,7.88,4.5,5.6,0.13,0.25,0.33
Seattle Seahawks,2009,61.1,3.3,3.1,53,6.2,5.4,10.1,76.7,2.56,16.8,6.3,4.7,0,0.06,-5.77
Washington Commanders,2009,63.8,3.9,3,84,7.1,6.6,11.2,85.5,2.88,19.2,7.9,5.5,0.06,0.06,-3.26
Chicago Bears,2009,60.4,4.8,4.8,71,6.5,5.3,10.8,75.6,2.19,12.8,5.9,4.7,0.13,0.25,-6.29
Baltimore Ravens,2009,62.9,4.1,2.5,72,7.1,6.8,11.3,87.4,2.25,13.6,6.6,6,0.06,0.13,-0.7
Jacksonville Jaguars,2009,60.7,2.9,1.9,63,6.9,6.6,11.4,83.2,2.75,15.2,7.8,5.7,0.19,0.25,-3.58
Miami Dolphins,2009,60.7,2.8,3.5,67,6.2,5.2,10.3,73.3,2.13,14.1,5.9,4.5,0.19,0.19,-2.73
Detroit Lions,2009,54,2.7,5.5,75,5.9,4,11,58.1,2.69,18.9,6.8,3.3,0.06,0.06,-9.3
San Francisco 49ers,2009,59.1,4.4,2.7,73,6.2,5.9,10.6,80.8,2.5,15.1,7,5.1,0.06,0.06,-4.38
Tennessee Titans,2009,56.9,3.4,3.2,69,6.5,5.8,11.5,74.8,0.94,4.56,3.1,5.5,0.19,0.38,-4.4
Tampa Bay Buccaneers,2009,53.2,3.4,5.5,47,6,4.2,11.2,59.8,2.06,10.1,5.9,3.6,0.13,0.13,-7.42
Kansas City Chiefs,2009,55.2,3.4,3.2,61,5.9,5.2,10.8,70.8,2.81,16.3,7.7,4.3,0.06,0.13,-6.67
Cincinnati Bengals,2009,60,4.4,2.7,73,6.6,6.2,11,82.7,1.81,15.3,5.7,5.4,0.19,0.31,-1.96
Carolina Panthers,2009,56.8,3.4,4.3,66,6.6,5.4,11.6,70.5,2.06,16.9,6.6,4.5,0.13,0.19,-3.61
Los Angeles Rams,2009,57.5,2.2,3.9,50,5.5,4.2,9.5,64,2.75,17.8,7.5,3.4,0,0.06,-10.25
Las Vegas Raiders,2009,52.6,2.1,3.7,86,5.9,4.7,11.3,62,3.06,19.9,9.2,3.6,0.25,0.25,-11.37
Buffalo Bills,2009,58,3.9,4.3,98,6.3,5.2,10.9,71.7,2.88,17.1,9.4,4.1,0.06,0.13,-6.18
New York Jets,2009,53.4,3.1,5.3,65,6.6,4.8,12.4,62,1.88,13.5,7.1,4,0,0,-4.69
Cleveland Browns,2009,49.4,2.5,4.1,59,5.1,3.8,10.3,55.8,1.88,11.2,6.3,3.1,0,0.13,-9.52
New Orleans Saints,2008,64.9,5.3,2.8,84,8,7.8,12.3,95.4,0.81,5.75,2,7.5,0.13,0.13,6.59
Arizona Cardinals,2008,66.3,4.9,2.4,79,7.7,7.7,11.7,96.1,1.75,12.6,4.3,7,0.06,0.06,5.84
Denver Broncos,2008,62.3,4,2.9,93,7.3,6.8,11.8,85.9,0.75,4.63,1.9,6.6,0.19,0.25,4.43
Houston Texans,2008,66.1,3.8,3.6,65,8.1,7.2,12.2,88.4,2,12.9,5.5,6.5,0.13,0.13,-1.36
Indianapolis Colts,2008,67.2,4.6,2.1,75,7.1,7.1,10.6,94.7,0.88,5.38,2.3,6.8,0.25,0.38,6.37
Philadelphia Eagles,2008,59.7,3.8,2.6,90,6.7,6.3,11.2,81.4,1.44,9.31,3.7,5.8,0.13,0.06,-0.15
Los Angeles Chargers,2008,65.3,7.1,2.3,67,8.4,8.8,12.8,105.5,1.56,9.44,5,8,0.19,0.25,4.83
Green Bay Packers,2008,63.4,5.2,2.4,71,7.5,7.4,11.8,93.3,2.13,14.4,5.9,6.6,0.06,0.13,2.22
Dallas Cowboys,2008,60,5.3,3.7,75,7.3,6.7,12.2,84.9,1.94,12.4,5.4,6,0.13,0.13,-1.67
Miami Dolphins,2008,67.2,4.1,1.4,80,7.7,7.8,11.4,97.6,1.63,8.06,5,7.2,0.06,0.13,1.92
Tampa Bay Buccaneers,2008,63.2,3.2,2.3,71,6.7,6.3,10.7,83.8,2,10.6,5.4,5.7,0.19,0.31,-3.98
New England Patriots,2008,63.5,3.9,2.1,76,7.1,7,11.2,89.1,3,13.8,8.2,6,0.13,0.13,0.86
San Francisco 49ers,2008,60.7,4.1,3.7,63,7.3,6.5,12.1,81.4,3.44,21.6,9.8,5.2,0.19,0.25,-4.1
Atlanta Falcons,2008,61.1,3.7,2.5,70,7.9,7.5,13,87.7,1.06,6.5,3.8,7,0.13,0.25,3.83
Jacksonville Jaguars,2008,62.4,2.8,2.4,41,6.7,6.2,10.8,81.4,2.63,18,7.3,5.3,0.19,0.19,-1.4
New York Jets,2008,65.6,4.2,4.3,56,6.6,5.5,10.1,80.2,1.88,13.3,5.4,4.8,0.06,0.13,-0.31
Pittsburgh Steelers,2008,59.9,3.8,3,65,7.1,6.5,11.9,81.9,3.06,19.1,8.8,5.4,0.25,0.25,-3.82
New York Giants,2008,60.7,4.7,2,48,6.8,6.8,11.3,88.2,1.75,11,5.4,6.1,0.19,0.19,1.17
Carolina Panthers,2008,59.4,3.6,2.9,65,7.9,7.4,13.4,84.7,1.25,8.13,4.6,6.7,0.25,0.31,-0.26
Kansas City Chiefs,2008,57.3,4.3,3,75,6.2,5.7,10.8,77.5,2.31,14.3,6.4,5,0,0.06,-4.4
Chicago Bears,2008,57.6,3.8,2.7,65,6.1,5.7,10.6,77.1,1.81,10.5,5.2,5.1,0.19,0.19,-6.56
Buffalo Bills,2008,64.5,2.9,3.1,87,6.9,6.1,10.7,81.3,2.38,16.4,7.4,5.1,0.19,0.19,-5.53
Washington Commanders,2008,62.4,2.7,1.2,67,6.5,6.5,10.3,85.2,2.38,16.6,6.9,5.5,0.06,0.19,-4.84
Detroit Lions,2008,55.2,3.5,3.7,96,6.5,5.5,11.7,71.3,3.25,21.2,9.3,4.4,0,0,-8.45
Minnesota Vikings,2008,59.1,4.9,3.8,99,7.1,6.4,12,81.5,2.69,16.3,8.7,5.3,0.31,0.31,-0.77
Los Angeles Rams,2008,56.2,2.1,3.7,80,6.3,5.1,11.2,66.9,2.81,20.1,8,4.1,0.06,0.06,-10.27
Tennessee Titans,2008,58.5,2.9,2,56,6.4,6.1,11,78.8,0.75,5.19,2.6,5.8,0.06,0.19,0.86
Baltimore Ravens,2008,60.3,3.7,2.8,70,7.1,6.6,11.8,82.8,2.06,17.3,7.1,5.6,0.06,0.06,-4.14
Seattle Seahawks,2008,55.3,3.8,3.2,90,6,5.3,10.8,72.5,2.25,13.4,7.1,4.5,0.06,0.06,-4.08
Cincinnati Bengals,2008,59.1,2.1,2.9,79,5.2,4.3,8.8,68,3.19,16.9,9,3.5,0,0,-10.52
Cleveland Browns,2008,48.8,2.3,4.1,70,5.2,3.8,10.7,54.8,1.5,9.81,4.7,3.3,0.13,0.19,-10.08
Las Vegas Raiders,2008,52.7,3.1,2.6,84,6.3,5.7,11.9,71.6,2.44,16.9,8.5,4.6,0.06,0.13,-6.46